id_venda,id_produto,id_cliente,data_venda,quantidade,preco_unitario,desconto_percent,frete,data_venda_formatada
1,13,244,2024-01-01,1.0,576.07,0.0,28.53,01/01/2024
2,35,181,2024-01-02,2.0,656.74,0.0,22.12,02/01/2024
3,47,85,2024-02-02,5.0,447.75,15.0,27.82,02/02/2024
4,28,155,2024-01-04,3.0,45.31,0.0,25.88,04/01/2024
5,21,275,2024-01-05,1.0,98.89,10.0,42.94,05/01/2024
6,18,23,2024-01-06,2.0,214.03,0.0,32.59,06/01/2024
7,31,115,2024-02-06,1.0,242.01,0.0,9.44,06/02/2024
8,60,299,2024-01-08,1.0,582.69,10.0,3.15,08/01/2024
9,37,99,2024-03-09,0.0,226.42,15.0,21.22,09/03/2024
10,21,104,2023-12-11,4.0,409.48,5.0,0.78,11/12/2023
11,14,51,2024-01-11,3.0,197.06,0.0,15.91,11/01/2024
12,60,112,2024-01-12,1.0,504.72,5.0,18.4,12/01/2024
13,23,244,2024-01-13,3.0,320.0,5.0,18.78,13/01/2024
14,29,169,2024-01-14,2.0,513.49,5.0,48.97,14/01/2024
15,47,72,2024-01-15,3.0,322.96,10.0,15.2,15/01/2024
16,30,139,2025-01-15,6.0,545.08,0.0,13.26,15/01/2025
17,38,231,2024-01-17,2.0,269.85,5.0,6.47,17/01/2024
18,27,239,2024-01-18,4.0,346.54,5.0,25.55,18/01/2024
19,15,253,2024-01-19,2.0,357.67,0.0,7.68,19/01/2024
20,59,49,2024-02-19,4.0,670.53,10.0,30.81,19/02/2024
21,3,72,2024-01-21,4.0,224.16,0.0,7.76,21/01/2024
22,10,263,2024-01-22,3.0,623.16,0.0,28.83,22/01/2024
23,79,222,2025-01-22,1.0,142.56,0.0,41.31,22/01/2025
24,80,77,2024-02-23,5.0,440.12,0.0,2.13,23/02/2024
25,17,62,2024-01-25,4.0,181.88,0.0,20.99,25/01/2024
26,11,157,2024-01-26,4.0,172.43,5.0,23.05,26/01/2024
27,48,294,2024-02-26,2.0,454.0,0.0,39.55,26/02/2024
28,5,125,2024-01-28,5.0,203.53,0.0,23.4,28/01/2024
29,69,229,2024-01-29,1.0,283.39,5.0,28.38,29/01/2024
30,64,161,2024-01-30,3.0,339.04,0.0,39.56,30/01/2024
31,14,29,2024-01-31,2.0,21.8,0.0,27.99,31/01/2024
32,50,114,2024-04-01,2.0,55.44,5.0,17.91,01/04/2024
33,26,79,2025-02-01,1.0,471.59,0.0,4.29,01/02/2025
34,72,23,2024-02-03,3.0,535.43,15.0,36.5,03/02/2024
35,69,106,2024-02-04,3.0,545.42,0.0,43.56,04/02/2024
36,7,131,2024-02-05,3.0,432.21,0.0,48.5,05/02/2024
37,16,173,2024-02-06,3.0,345.78,15.0,46.33,06/02/2024
38,55,264,2024-04-07,0.0,490.4,5.0,39.87,07/04/2024
39,78,285,2024-02-08,6.0,69.07,0.0,32.17,08/02/2024
40,999,2,2024-02-09,2.0,527.01,0.0,39.07,09/02/2024
41,4,233,2024-02-10,3.0,333.98,5.0,21.6,10/02/2024
42,48,251,2024-02-11,4.0,581.34,0.0,29.74,11/02/2024
43,17,108,2024-02-12,2.0,537.99,0.0,17.43,12/02/2024
44,36,276,2024-03-14,4.0,219.37,10.0,16.34,14/03/2024
45,70,180,2024-02-14,2.0,502.32,20.0,37.83,14/02/2024
46,80,213,2024-03-16,5.0,509.97,5.0,22.7,16/03/2024
47,38,293,2024-02-16,4.0,49.74,15.0,10.61,16/02/2024
48,62,72,2024-02-17,2.0,408.08,15.0,10.1,17/02/2024
49,48,283,2024-02-18,4.0,518.49,10.0,42.96,18/02/2024
50,10,175,2024-04-19,5.0,305.34,0.0,33.89,19/04/2024
51,36,123,2025-02-19,2.0,588.73,20.0,27.3,19/02/2025
52,29,227,2024-02-21,0.0,129.94,5.0,20.05,21/02/2024
53,78,83,2024-02-22,4.0,580.08,0.0,21.54,22/02/2024
54,4,253,2025-02-22,1.0,413.22,0.0,2.87,22/02/2025
55,44,146,2024-02-24,3.0,200.66,15.0,22.75,24/02/2024
56,56,120,2024-02-25,4.0,587.72,0.0,39.77,25/02/2024
57,42,65,2025-02-25,1.0,300.48,0.0,19.4,25/02/2025
58,13,281,2024-02-27,3.0,40.22,10.0,19.18,27/02/2024
59,46,283,2024-02-28,2.0,39.07,20.0,0.79,28/02/2024
60,33,106,2024-02-29,2.0,272.79,10.0,22.89,29/02/2024
61,21,300,2024-03-01,3.0,209.0,0.0,1.27,01/03/2024
62,80,107,2024-03-02,1.0,298.78,0.0,28.52,02/03/2024
63,79,36,2024-04-02,5.0,49.66,10.0,25.34,02/04/2024
64,57,147,2024-03-04,7.0,511.85,0.0,42.0,04/03/2024
65,69,262,2024-03-05,1.0,531.54,10.0,29.09,05/03/2024
66,70,159,2024-03-06,1.0,474.48,0.0,16.17,06/03/2024
67,67,265,2024-03-07,0.0,517.04,0.0,25.81,07/03/2024
68,48,202,2024-02-07,3.0,344.45,5.0,34.99,07/02/2024
69,76,155,2024-03-09,3.0,408.02,0.0,4.7,09/03/2024
70,33,13,2024-03-10,6.0,187.43,20.0,31.05,10/03/2024
71,36,297,2024-05-10,3.0,315.41,0.0,45.83,10/05/2024
72,33,85,2024-03-12,4.0,713.99,0.0,14.96,12/03/2024
73,31,280,2024-03-13,3.0,553.14,15.0,31.33,13/03/2024
74,21,245,2024-03-14,3.0,507.3,0.0,41.07,14/03/2024
75,27,300,2024-03-15,3.0,539.15,5.0,25.59,15/03/2024
76,72,9,2024-03-16,1.0,68.53,0.0,35.9,16/03/2024
77,62,247,2024-03-17,1.0,394.42,0.0,15.55,17/03/2024
78,26,278,2024-04-17,5.0,518.05,0.0,15.3,17/04/2024
79,66,238,2024-03-19,3.0,110.01,10.0,33.38,19/03/2024
80,12,203,2024-03-20,3.0,207.56,10.0,35.27,20/03/2024
81,22,247,2024-03-21,2.0,440.29,0.0,46.85,21/03/2024
82,17,235,2024-03-22,0.0,449.21,0.0,11.24,22/03/2024
83,7,81,2024-05-22,4.0,214.27,0.0,23.41,22/05/2024
84,68,13,2024-03-24,4.0,245.16,0.0,12.53,24/03/2024
85,37,16,2024-03-25,3.0,503.27,5.0,4.0,25/03/2024
86,38,45,2024-04-25,4.0,608.19,15.0,20.16,25/04/2024
87,11,139,2024-03-27,2.0,244.7,10.0,18.7,27/03/2024
88,1,148,2024-03-28,4.0,122.54,0.0,13.52,28/03/2024
89,25,236,2024-03-29,2.0,263.15,0.0,14.85,29/03/2024
90,42,191,2024-03-30,1.0,506.13,0.0,18.02,30/03/2024
91,52,101,2024-04-30,3.0,166.46,15.0,49.44,30/04/2024
92,24,105,2024-04-01,5.0,248.3,10.0,39.15,01/04/2024
93,53,250,2024-04-02,4.0,434.89,10.0,3.57,02/04/2024
94,56,94,2024-04-03,2.0,252.91,0.0,43.62,03/04/2024
95,63,220,2024-05-04,5.0,75.55,10.0,31.67,04/05/2024
96,8,298,2024-04-05,4.0,141.73,15.0,44.53,05/04/2024
97,59,133,2024-06-05,6.0,117.55,20.0,17.09,05/06/2024
98,45,155,2024-04-07,1.0,394.62,0.0,23.23,07/04/2024
99,27,28,2024-06-07,5.0,33.65,10.0,44.81,07/06/2024
100,52,282,2024-03-10,8.0,60.18,0.0,13.63,10/03/2024
101,18,116,2024-06-09,1.0,164.65,10.0,45.78,09/06/2024
102,16,234,2024-06-10,5.0,228.53,10.0,41.42,10/06/2024
103,66,1,2024-04-12,3.0,443.43,0.0,49.03,12/04/2024
104,5,240,2024-04-13,4.0,59.58,15.0,16.21,13/04/2024
105,3,58,2024-04-14,5.0,341.76,0.0,11.79,14/04/2024
106,80,183,2024-04-15,1.0,13.76,15.0,16.54,15/04/2024
107,70,26,2024-04-16,1.0,180.69,0.0,47.73,16/04/2024
108,7,77,2024-04-17,3.0,332.2,10.0,16.65,17/04/2024
109,50,217,2024-04-18,1.0,687.76,0.0,28.26,18/04/2024
110,14,262,2024-04-19,5.0,117.17,0.0,20.18,19/04/2024
111,38,23,2024-06-19,0.0,182.65,5.0,19.81,19/06/2024
112,79,244,2024-04-21,3.0,282.73,5.0,9.67,21/04/2024
113,47,158,2024-05-22,5.0,528.02,0.0,26.85,22/05/2024
114,33,206,2024-06-22,2.0,488.78,5.0,42.47,22/06/2024
115,43,87,2024-03-25,3.0,460.14,10.0,2.47,25/03/2024
116,29,267,2024-04-25,3.0,324.36,0.0,44.46,25/04/2024
117,57,134,2024-06-25,1.0,199.28,20.0,33.27,25/06/2024
118,5,267,2024-03-28,3.0,180.0,5.0,30.84,28/03/2024
119,60,268,2025-04-28,4.0,569.85,10.0,31.3,28/04/2025
120,70,53,2024-04-29,2.0,353.47,15.0,14.81,29/04/2024
121,2,99,2024-04-30,0.0,257.45,5.0,20.76,30/04/2024
122,70,247,2024-05-01,5.0,185.4,0.0,39.96,01/05/2024
123,43,36,2024-05-02,0.0,407.98,5.0,15.32,02/05/2024
124,4,28,2024-05-03,3.0,216.18,15.0,23.5,03/05/2024
125,56,220,2024-06-03,3.0,183.63,5.0,0.98,03/06/2024
126,59,102,2024-07-04,3.0,291.0,10.0,36.68,04/07/2024
127,9,263,2024-05-06,4.0,21.78,0.0,20.89,06/05/2024
128,3,271,2024-07-06,3.0,163.01,0.0,26.27,06/07/2024
129,48,224,2024-05-08,4.0,49.7,5.0,5.73,08/05/2024
130,43,139,2024-06-08,2.0,581.64,10.0,49.59,08/06/2024
131,1,280,2025-05-10,2.0,11.37,0.0,15.12,10/05/2025
132,57,286,2024-05-11,2.0,264.99,0.0,31.75,11/05/2024
133,53,250,2024-05-12,3.0,169.59,15.0,29.06,12/05/2024
134,16,78,2024-07-12,4.0,194.56,0.0,39.25,12/07/2024
135,51,297,2024-05-14,5.0,161.8,0.0,14.69,14/05/2024
136,75,13,2024-05-15,6.0,642.94,0.0,37.8,15/05/2024
137,55,82,2024-07-15,2.0,485.76,0.0,19.13,15/07/2024
138,1,9,2024-05-17,2.0,32.27,0.0,20.56,17/05/2024
139,28,213,2024-06-17,2.0,234.61,0.0,33.64,17/06/2024
140,53,48,2024-05-19,5.0,397.96,15.0,39.21,19/05/2024
141,58,49,2024-07-19,6.0,594.69,0.0,33.34,19/07/2024
142,73,40,2024-05-21,5.0,747.92,0.0,44.99,21/05/2024
143,60,280,2024-04-22,0.0,122.08,5.0,14.26,22/04/2024
144,59,226,2024-06-22,0.0,335.39,0.0,45.03,22/06/2024
145,22,108,2024-05-24,2.0,396.32,0.0,6.54,24/05/2024
146,8,245,2024-05-25,0.0,430.53,0.0,32.98,25/05/2024
147,49,255,2024-04-26,5.0,78.43,5.0,27.38,26/04/2024
148,42,33,2024-05-27,4.0,118.06,0.0,24.73,27/05/2024
149,27,23,2024-05-28,4.0,195.65,5.0,15.55,28/05/2024
150,39,54,2024-05-29,0.0,14.28,0.0,25.19,29/05/2024
151,25,49,2024-05-30,3.0,86.05,0.0,8.09,30/05/2024
152,38,78,2024-06-30,3.0,351.27,0.0,18.47,30/06/2024
153,24,122,2024-06-01,4.0,333.14,20.0,4.93,01/06/2024
154,24,90,2024-06-02,1.0,433.12,10.0,28.59,02/06/2024
155,60,193,2024-06-03,1.0,282.83,20.0,4.79,03/06/2024
156,50,244,2024-06-04,4.0,276.38,0.0,8.02,04/06/2024
157,66,149,2024-06-05,3.0,366.11,0.0,4.27,05/06/2024
158,14,146,2024-06-06,6.0,422.26,0.0,19.07,06/06/2024
159,53,141,2025-06-07,2.0,541.49,0.0,42.1,07/06/2025
160,32,286,2024-06-08,2.0,686.29,10.0,45.34,08/06/2024
161,48,111,2024-06-09,3.0,528.99,0.0,3.59,09/06/2024
162,39,108,2024-08-09,5.0,316.85,0.0,31.73,09/08/2024
163,40,281,2024-06-11,5.0,37.75,5.0,34.22,11/06/2024
164,42,50,2024-08-11,3.0,458.67,5.0,26.69,11/08/2024
165,77,14,2024-06-13,4.0,288.71,0.0,33.35,13/06/2024
166,76,134,2024-06-14,6.0,213.28,0.0,11.68,14/06/2024
167,8,76,2024-06-15,1.0,149.63,10.0,24.48,15/06/2024
168,79,84,2024-06-16,4.0,548.34,0.0,19.54,16/06/2024
169,26,158,2024-07-17,2.0,315.09,0.0,4.49,17/07/2024
170,12,286,2024-06-18,1.0,445.71,5.0,31.28,18/06/2024
171,43,94,2024-06-19,6.0,417.2,10.0,24.76,19/06/2024
172,51,297,2024-06-20,4.0,562.76,0.0,13.76,20/06/2024
173,63,94,2024-06-21,2.0,298.54,10.0,23.68,21/06/2024
174,49,57,2024-07-22,3.0,361.95,0.0,38.76,22/07/2024
175,27,164,2024-06-23,7.0,459.14,5.0,40.08,23/06/2024
176,9,98,2024-06-24,2.0,646.43,20.0,32.48,24/06/2024
177,39,16,2024-06-25,2.0,251.04,0.0,23.39,25/06/2024
178,65,78,2024-06-26,3.0,206.88,5.0,28.79,26/06/2024
179,71,72,2024-08-26,0.0,654.84,15.0,19.25,26/08/2024
180,71,270,2024-06-28,4.0,290.56,0.0,6.33,28/06/2024
181,7,287,2024-07-29,6.0,247.36,15.0,19.28,29/07/2024
182,999,66,2024-06-30,4.0,87.9,10.0,26.52,30/06/2024
183,80,68,2024-07-01,1.0,316.76,5.0,29.94,01/07/2024
184,67,193,2024-06-02,3.0,278.92,20.0,46.79,02/06/2024
185,10,55,2024-07-03,1.0,92.24,15.0,38.87,03/07/2024
186,71,168,2024-07-04,2.0,524.16,0.0,7.6,04/07/2024
187,53,25,2024-08-04,2.0,533.04,15.0,8.71,04/08/2024
188,57,131,2024-07-06,200.0,590.35,0.0,5.02,06/07/2024
189,27,102,2024-09-05,4.0,160.87,15.0,36.91,05/09/2024
190,54,282,2024-07-08,7.0,283.93,10.0,35.31,08/07/2024
191,4,296,2025-07-09,1.0,499.07,0.0,49.32,09/07/2025
192,23,294,2024-08-09,5.0,496.43,10.0,26.1,09/08/2024
193,48,263,2024-07-11,4.0,557.5,5.0,41.32,11/07/2024
194,42,120,2025-07-12,4.0,316.17,5.0,28.82,12/07/2025
195,3,231,2024-07-13,5.0,483.61,0.0,43.7,13/07/2024
196,3,291,2024-06-14,4.0,344.84,0.0,36.05,14/06/2024
197,28,161,2024-07-15,5.0,492.84,15.0,32.14,15/07/2024
198,63,161,2024-07-16,5.0,604.42,0.0,28.26,16/07/2024
199,31,78,2024-07-17,3.0,64.28,5.0,36.15,17/07/2024
200,10,38,2024-07-18,6.0,60.83,10.0,20.98,18/07/2024
201,49,28,2024-07-19,6.0,411.92,0.0,4.83,19/07/2024
202,21,100,2024-09-18,4.0,292.42,5.0,2.0,18/09/2024
203,53,294,2024-09-19,5.0,581.98,5.0,23.95,19/09/2024
204,76,124,2024-06-22,3.0,566.9,10.0,29.96,22/06/2024
205,54,92,2024-07-23,0.0,354.96,0.0,3.94,23/07/2024
206,57,255,2024-07-24,0.0,319.56,5.0,14.35,24/07/2024
207,20,97,2024-07-25,7.0,465.52,0.0,16.1,25/07/2024
208,49,6,2024-07-26,3.0,554.19,15.0,28.14,26/07/2024
209,7,169,2024-07-27,8.0,104.34,0.0,13.92,27/07/2024
210,29,271,2024-07-28,2.0,121.18,0.0,4.78,28/07/2024
211,48,108,2024-08-28,4.0,683.63,10.0,8.24,28/08/2024
212,13,299,2024-07-30,3.0,21.59,20.0,8.7,30/07/2024
213,3,47,2024-07-31,5.0,499.46,5.0,42.13,31/07/2024
214,2,99,2024-08-01,2.0,42.28,0.0,14.22,01/08/2024
215,16,14,2024-08-02,0.0,315.28,0.0,35.73,02/08/2024
216,6,194,2024-08-03,1.0,210.06,0.0,28.39,03/08/2024
217,45,157,2024-07-05,4.0,614.37,0.0,48.85,05/07/2024
218,71,154,2024-08-05,5.0,397.61,0.0,13.64,05/08/2024
219,5,115,2024-08-06,4.0,195.18,0.0,7.92,06/08/2024
220,56,258,2024-08-07,3.0,722.64,10.0,2.6,07/08/2024
221,71,145,2024-10-07,4.0,484.63,5.0,12.05,07/10/2024
222,32,291,2024-07-10,7.0,517.3,10.0,34.2,10/07/2024
223,49,10,2024-09-09,2.0,233.11,5.0,4.26,09/09/2024
224,13,214,2024-08-11,1.0,49.73,15.0,12.24,11/08/2024
225,30,233,2024-08-12,4.0,289.83,0.0,42.77,12/08/2024
226,25,171,2024-08-13,2.0,515.8,15.0,29.15,13/08/2024
227,60,21,2024-07-15,5.0,76.52,0.0,3.48,15/07/2024
228,59,15,2024-09-14,0.0,22.26,0.0,2.38,14/09/2024
229,28,126,2024-08-16,4.0,422.05,5.0,3.06,16/08/2024
230,58,213,2024-09-16,1.0,573.34,5.0,47.09,16/09/2024
231,20,188,2024-09-17,3.0,371.03,10.0,42.49,17/09/2024
232,34,172,2024-08-19,0.0,82.44,0.0,42.25,19/08/2024
233,5,247,2024-07-21,2.0,380.52,0.0,46.21,21/07/2024
234,60,5,2025-08-21,2.0,631.12,5.0,25.26,21/08/2025
235,43,231,2024-08-22,6.0,628.14,5.0,12.37,22/08/2024
236,57,201,2024-08-23,1.0,258.06,0.0,20.07,23/08/2024
237,57,149,2024-08-24,3.0,310.66,5.0,35.94,24/08/2024
238,75,72,2024-08-25,3.0,431.46,0.0,43.8,25/08/2024
239,54,226,2024-08-26,2.0,610.42,0.0,21.75,26/08/2024
240,45,74,2024-08-27,2.0,264.27,0.0,26.77,27/08/2024
241,37,169,2024-07-29,5.0,543.3,0.0,46.59,29/07/2024
242,48,249,2024-08-29,5.0,187.41,10.0,5.37,29/08/2024
243,54,280,2024-08-30,1.0,379.99,0.0,43.11,30/08/2024
244,48,152,2024-08-31,2.0,182.97,10.0,7.97,31/08/2024
245,6,224,2024-09-01,2.0,305.92,15.0,24.19,01/09/2024
246,34,225,2024-10-02,0.0,102.1,5.0,10.92,02/10/2024
247,63,38,2024-09-03,1.0,465.96,15.0,30.15,03/09/2024
248,78,44,2024-09-04,2.0,10.49,0.0,27.93,04/09/2024
249,48,185,2024-09-05,3.0,653.17,15.0,19.0,05/09/2024
250,23,241,2024-10-06,3.0,79.05,5.0,43.17,06/10/2024
251,13,210,2024-10-07,2.0,518.35,0.0,32.99,07/10/2024
252,47,23,2024-09-08,3.0,385.65,5.0,36.06,08/09/2024
253,44,124,2024-09-09,2.0,153.77,0.0,7.53,09/09/2024
254,32,86,2024-09-10,4.0,508.6,15.0,44.16,10/09/2024
255,26,43,2024-09-11,2.0,138.96,5.0,8.35,11/09/2024
256,53,40,2024-09-12,7.0,383.49,0.0,11.14,12/09/2024
257,14,169,2024-09-13,3.0,110.29,5.0,6.4,13/09/2024
258,52,175,2024-09-14,5.0,67.3,0.0,22.02,14/09/2024
259,36,20,2024-09-15,1.0,577.05,0.0,44.39,15/09/2024
260,8,109,2024-11-15,0.0,150.73,5.0,12.62,15/11/2024
261,40,193,2024-09-17,2.0,98.57,20.0,18.69,17/09/2024
262,22,244,2024-09-18,5.0,515.43,10.0,42.3,18/09/2024
263,16,280,2024-09-19,1.0,247.86,0.0,30.89,19/09/2024
264,60,228,2024-09-20,1.0,88.75,5.0,37.58,20/09/2024
265,60,36,2024-11-20,200.0,478.85,0.0,10.7,20/11/2024
266,10,45,2024-09-22,3.0,381.08,10.0,35.82,22/09/2024
267,25,28,2024-09-23,4.0,13.62,10.0,11.38,23/09/2024
268,31,154,2024-10-24,2.0,556.76,0.0,49.37,24/10/2024
269,21,23,2024-09-25,4.0,399.12,15.0,27.99,25/09/2024
270,33,207,2024-09-26,2.0,497.35,0.0,34.78,26/09/2024
271,31,91,2024-11-26,6.0,146.06,0.0,5.92,26/11/2024
272,21,38,2024-09-28,3.0,413.38,0.0,12.53,28/09/2024
273,36,228,2024-09-29,3.0,141.08,5.0,6.99,29/09/2024
274,65,202,2024-08-31,5.0,117.26,0.0,19.51,31/08/2024
275,4,254,2024-10-01,4.0,296.72,5.0,14.21,01/10/2024
276,68,38,2024-10-02,1.0,455.81,10.0,36.65,02/10/2024
277,4,221,2024-10-03,100.0,96.78,0.0,5.44,03/10/2024
278,9,187,2025-10-04,3.0,184.01,0.0,37.6,04/10/2025
279,30,43,2024-10-05,5.0,107.06,5.0,2.29,05/10/2024
280,45,114,2024-10-06,4.0,177.49,20.0,10.1,06/10/2024
281,4,260,2024-10-07,4.0,446.83,0.0,39.6,07/10/2024
282,69,5,2024-10-08,6.0,560.37,0.0,37.14,08/10/2024
283,23,68,2024-10-09,4.0,393.47,0.0,23.82,09/10/2024
284,16,228,2024-10-10,1.0,211.44,5.0,2.5,10/10/2024
285,22,123,2024-10-11,1.0,21.05,5.0,30.49,11/10/2024
286,72,173,2024-10-12,1.0,410.13,10.0,20.34,12/10/2024
287,48,153,2024-10-13,2.0,127.79,0.0,15.83,13/10/2024
288,62,267,2024-10-14,3.0,393.83,0.0,32.02,14/10/2024
289,60,157,2024-10-15,3.0,468.91,0.0,21.83,15/10/2024
290,80,162,2024-10-16,3.0,19.4,0.0,4.62,16/10/2024
291,5,214,2024-11-16,3.0,208.22,0.0,45.8,16/11/2024
292,80,26,2024-10-18,4.0,102.39,0.0,38.92,18/10/2024
293,7,292,2024-10-19,3.0,339.76,15.0,2.82,19/10/2024
294,51,189,2024-10-20,6.0,336.28,15.0,26.25,20/10/2024
295,65,122,2024-12-20,2.0,191.51,0.0,4.17,20/12/2024
296,9,230,2024-11-21,3.0,62.8,5.0,41.86,21/11/2024
297,45,59,2024-10-23,3.0,236.62,10.0,30.65,23/10/2024
298,47,96,2024-10-24,2.0,214.38,5.0,8.62,24/10/2024
299,67,262,2025-10-25,0.0,527.65,15.0,1.04,25/10/2025
300,24,136,2024-10-26,2.0,115.25,10.0,1.58,26/10/2024
301,10,283,2024-10-27,8.0,396.1,0.0,25.37,27/10/2024
302,73,120,2024-10-28,4.0,133.5,0.0,36.72,28/10/2024
303,77,25,2024-10-29,3.0,103.75,0.0,6.04,29/10/2024
304,48,146,2024-09-30,4.0,370.64,5.0,11.06,30/09/2024
305,35,12,2024-11-30,3.0,46.97,0.0,16.36,30/11/2024
306,54,87,2024-11-01,5.0,418.79,0.0,10.9,01/11/2024
307,71,109,2024-11-02,2.0,121.9,0.0,19.57,02/11/2024
308,16,266,2024-10-04,3.0,588.81,0.0,27.98,04/10/2024
309,53,222,2025-01-03,5.0,379.32,15.0,34.25,03/01/2025
310,40,74,2024-11-05,3.0,8.57,0.0,48.19,05/11/2024
311,20,102,2025-11-06,3.0,643.52,0.0,46.54,06/11/2025
312,69,137,2024-10-08,2.0,319.67,0.0,28.51,08/10/2024
313,45,191,2024-12-08,2.0,673.48,10.0,36.71,08/12/2024
314,6,142,2024-11-09,2.0,592.55,5.0,47.54,09/11/2024
315,69,73,2024-11-10,100.0,126.52,10.0,4.17,10/11/2024
316,49,167,2025-01-10,3.0,148.0,0.0,0.28,10/01/2025
317,39,168,2024-11-12,5.0,318.07,5.0,1.49,12/11/2024
318,2,54,2025-01-12,7.0,285.69,0.0,28.17,12/01/2025
319,39,259,2024-11-14,8.0,222.39,0.0,38.14,14/11/2024
320,21,111,2024-11-15,6.0,590.21,5.0,18.35,15/11/2024
321,40,232,2024-11-16,3.0,716.47,0.0,27.26,16/11/2024
322,54,161,2024-11-17,4.0,343.1,10.0,25.82,17/11/2024
323,12,19,2024-10-19,1.0,596.95,0.0,4.74,19/10/2024
324,37,290,2025-01-18,2.0,623.54,0.0,16.08,18/01/2025
325,38,50,2025-01-19,2.0,575.62,20.0,0.97,19/01/2025
326,15,175,2024-11-21,4.0,184.24,5.0,5.54,21/11/2024
327,7,184,2024-11-22,5.0,174.73,10.0,40.59,22/11/2024
328,78,185,2024-11-23,0.0,404.72,15.0,41.47,23/11/2024
329,50,81,2024-11-24,1.0,494.41,5.0,40.1,24/11/2024
330,65,156,2024-11-25,4.0,302.69,15.0,36.34,25/11/2024
331,67,275,2024-11-26,0.0,58.41,5.0,39.67,26/11/2024
332,44,283,2024-11-27,5.0,412.33,0.0,33.55,27/11/2024
333,31,249,2024-11-28,2.0,431.52,0.0,33.49,28/11/2024
334,43,147,2024-10-30,0.0,626.36,5.0,33.37,30/10/2024
335,77,7,2025-01-29,4.0,696.41,0.0,25.7,29/01/2025
336,48,157,2024-12-01,2.0,674.11,0.0,18.17,01/12/2024
337,61,171,2024-12-02,3.0,406.76,0.0,36.51,02/12/2024
338,75,69,2025-01-02,2.0,165.31,0.0,14.93,02/01/2025
339,10,94,2024-12-04,4.0,395.35,0.0,27.15,04/12/2024
340,29,186,2025-02-03,4.0,643.09,0.0,21.67,03/02/2025
341,48,170,2025-02-04,2.0,267.55,0.0,13.83,04/02/2025
342,62,204,2024-12-07,7.0,588.18,0.0,48.73,07/12/2024
343,13,42,2024-12-08,4.0,472.75,5.0,12.94,08/12/2024
344,44,13,2024-12-09,4.0,411.28,0.0,15.46,09/12/2024
345,47,154,2024-12-10,5.0,586.06,20.0,8.08,10/12/2024
346,64,274,2024-12-11,7.0,115.45,15.0,41.15,11/12/2024
347,53,298,2025-02-10,2.0,370.35,5.0,29.33,10/02/2025
348,77,51,2024-12-13,7.0,499.96,10.0,30.65,13/12/2024
349,76,212,2024-12-14,4.0,227.22,0.0,41.03,14/12/2024
350,44,144,2025-12-15,9.0,530.71,0.0,17.15,15/12/2025
351,28,3,2025-01-15,3.0,230.04,0.0,9.68,15/01/2025
352,2,254,2024-12-17,4.0,490.5,0.0,9.92,17/12/2024
353,57,256,2024-12-18,1.0,659.58,0.0,36.63,18/12/2024
354,57,98,2024-12-19,0.0,439.19,5.0,30.71,19/12/2024
355,34,173,2024-12-20,0.0,269.3,0.0,10.32,20/12/2024
356,58,150,2024-12-21,100.0,175.21,5.0,7.25,21/12/2024
357,52,279,2024-12-22,1.0,485.57,5.0,6.03,22/12/2024
358,29,59,2024-11-23,4.0,299.33,0.0,31.39,23/11/2024
359,35,113,2024-12-24,3.0,27.26,0.0,0.01,24/12/2024
360,75,243,2025-02-23,4.0,593.32,10.0,0.92,23/02/2025
361,48,57,2024-11-26,4.0,217.12,5.0,19.48,26/11/2024
362,33,60,2024-12-27,7.0,245.22,0.0,34.57,27/12/2024
363,75,216,2025-02-26,3.0,557.38,0.0,34.75,26/02/2025
364,73,233,2024-12-29,2.0,277.55,20.0,21.51,29/12/2024
365,78,55,2025-12-30,4.0,632.11,5.0,34.55,30/12/2025
366,9,208,2024-12-31,0.0,75.9,5.0,26.05,31/12/2024
367,48,63,2025-01-01,3.0,364.58,0.0,48.85,01/01/2025
368,67,184,2025-01-02,1.0,321.79,0.0,8.12,02/01/2025
369,36,281,2025-03-04,2.0,447.06,5.0,30.03,04/03/2025
370,71,26,2025-02-03,8.0,160.01,15.0,24.56,03/02/2025
371,44,177,2025-01-05,2.0,457.53,15.0,9.72,05/01/2025
372,60,63,2025-03-07,1.0,393.36,0.0,37.5,07/03/2025
373,63,73,2025-01-07,3.0,188.39,0.0,13.78,07/01/2025
374,5,167,2025-01-08,6.0,249.76,10.0,19.09,08/01/2025
375,76,225,2025-01-09,2.0,196.48,0.0,18.74,09/01/2025
376,40,65,2025-01-10,5.0,76.34,0.0,12.21,10/01/2025
377,19,69,2025-01-11,1.0,432.85,0.0,21.54,11/01/2025
378,47,9,2026-01-12,4.0,192.93,0.0,23.67,12/01/2026
379,65,236,2025-01-13,3.0,170.53,0.0,37.21,13/01/2025
380,67,198,2025-01-14,200.0,333.46,10.0,38.25,14/01/2025
381,18,173,2025-01-15,2.0,460.01,20.0,7.93,15/01/2025
382,50,282,2025-03-17,3.0,495.33,10.0,29.64,17/03/2025
383,30,28,2024-12-18,0.0,459.07,0.0,44.81,18/12/2024
384,66,296,2025-01-18,1.0,231.29,0.0,5.44,18/01/2025
385,5,134,2025-03-20,2.0,555.05,0.0,23.65,20/03/2025
386,42,27,2025-01-20,3.0,332.39,15.0,37.52,20/01/2025
387,5,38,2025-03-22,4.0,41.3,20.0,30.57,22/03/2025
388,50,196,2025-01-22,2.0,725.65,15.0,5.03,22/01/2025
389,58,203,2026-01-23,4.0,507.59,15.0,19.83,23/01/2026
390,79,85,2025-01-24,3.0,166.58,0.0,25.36,24/01/2025
391,8,30,2025-01-25,4.0,182.31,0.0,49.79,25/01/2025
392,31,99,2025-02-25,3.0,483.06,0.0,8.93,25/02/2025
393,12,190,2025-01-27,4.0,657.3,0.0,49.12,27/01/2025
394,21,12,2025-01-28,0.0,598.08,0.0,18.81,28/01/2025
395,62,91,2025-01-29,4.0,627.29,10.0,10.02,29/01/2025
396,33,30,2025-01-30,5.0,184.72,0.0,20.71,30/01/2025
397,26,213,2025-01-31,2.0,638.64,15.0,30.7,31/01/2025
398,40,38,2025-02-01,7.0,266.72,0.0,10.67,01/02/2025
399,65,60,2025-02-02,6.0,359.69,15.0,14.57,02/02/2025
400,59,294,2025-02-03,2.0,688.15,10.0,42.73,03/02/2025
401,15,143,2025-04-05,6.0,135.41,5.0,49.95,05/04/2025
402,1,180,2025-02-05,5.0,70.53,5.0,15.91,05/02/2025
403,11,285,2025-02-06,4.0,242.79,0.0,7.44,06/02/2025
404,55,112,2025-02-07,3.0,219.57,5.0,39.66,07/02/2025
405,2,230,2025-02-08,3.0,235.91,5.0,30.02,08/02/2025
406,65,21,2025-04-10,2.0,324.37,5.0,5.02,10/04/2025
407,44,145,2025-02-10,2.0,386.94,0.0,47.34,10/02/2025
408,16,146,2025-02-11,7.0,609.94,0.0,3.9,11/02/2025
409,22,166,2025-03-14,7.0,263.43,0.0,31.27,14/03/2025
410,18,140,2025-03-15,4.0,90.92,10.0,21.2,15/03/2025
411,47,203,2025-02-14,3.0,666.68,0.0,27.83,14/02/2025
412,30,244,2025-03-17,3.0,34.66,20.0,10.66,17/03/2025
413,10,113,2026-02-16,6.0,154.8,10.0,34.41,16/02/2026
414,58,201,2025-02-17,5.0,369.52,15.0,47.99,17/02/2025
415,62,259,2025-03-20,2.0,335.77,15.0,22.92,20/03/2025
416,80,255,2025-03-21,3.0,432.8,0.0,26.15,21/03/2025
417,6,23,2025-02-20,6.0,591.87,15.0,11.99,20/02/2025
418,67,246,2025-02-21,1.0,579.08,5.0,44.59,21/02/2025
419,41,87,2025-02-22,2.0,113.24,20.0,48.56,22/02/2025
420,43,219,2025-04-24,1.0,420.89,20.0,39.31,24/04/2025
421,77,27,2025-01-25,3.0,591.95,0.0,27.14,25/01/2025
422,18,290,2025-02-25,4.0,514.31,0.0,47.84,25/02/2025
423,58,289,2025-02-26,5.0,221.31,5.0,7.69,26/02/2025
424,60,223,2025-02-27,3.0,28.6,10.0,23.92,27/02/2025
425,27,178,2025-02-28,2.0,530.12,0.0,26.88,28/02/2025
426,68,148,2025-03-01,5.0,448.77,0.0,24.6,01/03/2025
427,22,227,2025-03-02,1.0,245.09,0.0,40.12,02/03/2025
428,24,186,2025-05-02,3.0,321.85,5.0,33.52,02/05/2025
429,40,294,2025-03-04,2.0,611.95,0.0,6.33,04/03/2025
430,74,41,2025-05-04,2.0,180.21,15.0,17.32,04/05/2025
431,66,191,2025-03-06,1.0,543.7,5.0,16.95,06/03/2025
432,40,79,2025-03-07,1.0,385.98,0.0,28.28,07/03/2025
433,6,205,2025-03-08,6.0,482.33,0.0,14.57,08/03/2025
434,18,278,2025-03-09,3.0,163.23,5.0,5.86,09/03/2025
435,30,272,2026-03-10,1.0,433.35,15.0,32.68,10/03/2026
436,21,32,2025-03-11,6.0,400.34,0.0,42.55,11/03/2025
437,62,142,2025-05-11,3.0,109.05,5.0,46.58,11/05/2025
438,10,251,2025-03-13,4.0,337.49,20.0,48.63,13/03/2025
439,13,294,2025-05-13,0.0,335.97,0.0,39.06,13/05/2025
440,76,98,2025-03-15,1.0,541.78,0.0,6.99,15/03/2025
441,9,136,2025-05-15,3.0,407.07,0.0,42.66,15/05/2025
442,68,277,2025-04-16,4.0,28.61,0.0,20.0,16/04/2025
443,39,43,2025-03-18,2.0,494.91,10.0,36.5,18/03/2025
444,24,120,2025-03-19,1.0,191.2,0.0,26.56,19/03/2025
445,34,220,2025-05-19,2.0,268.14,0.0,41.43,19/05/2025
446,61,46,2025-02-19,7.0,62.19,0.0,21.28,19/02/2025
447,41,236,2025-03-22,3.0,268.29,20.0,3.09,22/03/2025
448,5,48,2025-04-22,1.0,328.81,10.0,27.84,22/04/2025
449,79,198,2026-03-24,2.0,105.52,0.0,8.56,24/03/2026
450,50,84,2025-05-24,1.0,102.18,0.0,48.28,24/05/2025
451,4,31,2025-02-24,4.0,40.5,5.0,26.35,24/02/2025
452,51,161,2025-04-26,3.0,106.17,0.0,27.68,26/04/2025
453,52,71,2025-03-28,3.0,420.33,0.0,45.36,28/03/2025
454,39,8,2025-03-29,3.0,40.75,5.0,31.23,29/03/2025
455,8,52,2025-03-30,3.0,456.5,0.0,15.14,30/03/2025
456,45,45,2025-04-30,4.0,473.68,0.0,14.8,30/04/2025
457,28,293,2025-05-01,200.0,601.95,20.0,25.08,01/05/2025
458,27,300,2025-04-02,2.0,252.38,0.0,43.33,02/04/2025
459,65,38,2025-06-02,3.0,371.22,10.0,39.74,02/06/2025
460,34,231,2025-05-04,5.0,485.96,0.0,48.14,04/05/2025
461,62,262,2025-04-05,3.0,117.03,15.0,3.59,05/04/2025
462,62,68,2025-04-06,5.0,101.08,0.0,13.42,06/04/2025
463,38,179,2025-04-07,5.0,619.12,15.0,4.01,07/04/2025
464,26,186,2025-04-08,3.0,251.85,0.0,37.55,08/04/2025
465,24,201,2025-04-09,2.0,17.33,5.0,7.04,09/04/2025
466,39,13,2025-04-10,2.0,87.78,10.0,4.99,10/04/2025
467,21,214,2025-04-11,2.0,594.81,0.0,28.08,11/04/2025
468,47,220,2025-04-12,3.0,347.55,0.0,20.57,12/04/2025
469,48,286,2025-04-13,1.0,499.54,20.0,35.76,13/04/2025
470,13,244,2025-04-14,3.0,401.53,20.0,24.35,14/04/2025
471,3,258,2025-05-15,1.0,13.81,0.0,21.27,15/05/2025
472,32,58,2025-04-16,0.0,214.32,0.0,21.28,16/04/2025
473,35,36,2026-04-17,5.0,647.99,0.0,43.59,17/04/2026
474,19,193,2025-03-19,2.0,376.83,0.0,19.76,19/03/2025
475,14,50,2025-04-19,3.0,572.23,0.0,16.67,19/04/2025
476,48,32,2025-04-20,3.0,222.41,5.0,16.93,20/04/2025
477,68,98,2025-04-21,6.0,523.95,5.0,9.83,21/04/2025
478,45,43,2025-04-22,4.0,550.97,0.0,43.03,22/04/2025
479,19,47,2025-04-23,5.0,508.45,5.0,7.33,23/04/2025
480,64,270,2025-04-24,3.0,479.44,10.0,45.43,24/04/2025
481,66,63,2025-04-25,2.0,631.38,0.0,14.17,25/04/2025
482,79,19,2025-04-26,3.0,200.2,0.0,44.97,26/04/2025
483,66,101,2025-04-27,5.0,178.93,5.0,39.54,27/04/2025
484,75,37,2025-04-28,1.0,292.23,0.0,29.1,28/04/2025
485,45,107,2025-04-29,2.0,346.52,0.0,33.47,29/04/2025
486,74,92,2025-04-30,4.0,239.91,0.0,16.29,30/04/2025
487,67,185,2025-05-01,2.0,640.6,0.0,28.71,01/05/2025
488,69,216,2025-04-02,3.0,552.06,5.0,14.62,02/04/2025
489,3,28,2025-05-03,5.0,112.09,5.0,20.11,03/05/2025
490,38,36,2025-05-04,3.0,200.9,0.0,38.23,04/05/2025
491,77,18,2025-05-05,1.0,196.47,0.0,12.2,05/05/2025
492,42,196,2025-05-06,3.0,314.23,10.0,41.94,06/05/2025
493,40,78,2025-04-07,1.0,203.64,0.0,18.79,07/04/2025
494,50,167,2025-06-07,2.0,594.01,5.0,26.61,07/06/2025
495,35,90,2025-05-09,2.0,367.63,15.0,47.1,09/05/2025
496,24,264,2025-06-09,1.0,156.25,0.0,34.06,09/06/2025
497,17,208,2025-04-11,1.0,399.98,15.0,32.28,11/04/2025
498,40,212,2026-05-12,2.0,289.41,15.0,35.58,12/05/2026
499,74,271,2025-06-12,7.0,398.7,0.0,45.91,12/06/2025
500,66,263,2025-06-13,3.0,370.46,0.0,12.43,13/06/2025
501,44,273,2025-05-15,3.0,470.11,0.0,30.66,15/05/2025
502,23,214,2025-05-16,3.0,378.11,0.0,20.02,16/05/2025
503,6,64,2025-05-17,4.0,404.57,15.0,0.59,17/05/2025
504,66,12,2025-05-18,1.0,545.93,5.0,6.27,18/05/2025
505,21,210,2025-05-19,4.0,278.1,0.0,16.25,19/05/2025
506,35,174,2025-05-20,2.0,236.46,0.0,28.25,20/05/2025
507,29,256,2025-05-21,2.0,454.35,5.0,44.07,21/05/2025
508,7,101,2025-06-21,0.0,363.67,5.0,39.56,21/06/2025
509,53,16,2026-05-23,1.0,157.49,10.0,27.67,23/05/2026
510,37,197,2025-05-24,2.0,541.25,0.0,3.69,24/05/2025
511,23,258,2025-05-25,2.0,249.1,15.0,14.3,25/05/2025
512,8,244,2025-07-25,5.0,422.29,0.0,18.34,25/07/2025
513,76,249,2025-05-27,4.0,491.04,20.0,31.09,27/05/2025
514,48,105,2025-07-27,2.0,170.83,15.0,3.25,27/07/2025
515,10,182,2025-05-29,2.0,31.49,0.0,26.51,29/05/2025
516,79,155,2025-05-30,3.0,86.37,5.0,45.07,30/05/2025
517,24,287,2025-05-01,5.0,184.77,15.0,35.27,01/05/2025
518,47,169,2025-06-01,1.0,298.44,5.0,39.85,01/06/2025
519,53,47,2025-06-02,2.0,363.33,0.0,34.08,02/06/2025
520,39,43,2025-08-02,5.0,482.92,0.0,10.33,02/08/2025
521,67,221,2025-06-04,0.0,252.49,0.0,5.52,04/06/2025
522,66,1,2025-06-05,2.0,16.21,0.0,41.47,05/06/2025
523,6,200,2025-05-07,5.0,255.13,20.0,34.78,07/05/2025
524,21,144,2025-06-07,2.0,121.55,0.0,28.75,07/06/2025
525,73,28,2025-08-07,3.0,600.16,20.0,9.46,07/08/2025
526,74,278,2025-06-09,2.0,425.79,10.0,30.17,09/06/2025
527,36,41,2025-06-10,0.0,462.84,0.0,1.57,10/06/2025
528,3,147,2025-06-11,7.0,445.24,5.0,5.94,11/06/2025
529,78,178,2025-06-12,5.0,16.12,15.0,15.59,12/06/2025
530,42,167,2026-06-13,0.0,145.65,5.0,22.19,13/06/2026
531,45,123,2026-06-14,3.0,295.0,0.0,6.03,14/06/2026
532,44,74,2025-06-15,8.0,67.13,20.0,6.0,15/06/2025
533,33,239,2025-07-16,4.0,368.9,0.0,36.29,16/07/2025
534,60,249,2025-06-17,3.0,460.39,0.0,28.49,17/06/2025
535,70,263,2025-06-18,2.0,611.15,0.0,26.69,18/06/2025
536,77,252,2025-06-19,4.0,411.54,5.0,22.62,19/06/2025
537,26,111,2025-06-20,5.0,159.61,0.0,48.83,20/06/2025
538,21,180,2025-06-21,3.0,459.54,15.0,2.49,21/06/2025
539,2,188,2025-07-22,0.0,670.05,20.0,9.03,22/07/2025
540,47,207,2025-06-23,0.0,256.48,10.0,32.38,23/06/2025
541,30,234,2025-06-24,4.0,254.5,5.0,6.82,24/06/2025
542,27,24,2025-06-25,5.0,550.12,10.0,29.47,25/06/2025
543,71,26,2025-06-26,2.0,270.44,10.0,28.39,26/06/2025
544,20,218,2025-07-27,3.0,192.56,20.0,48.55,27/07/2025
545,50,10,2025-06-28,100.0,230.69,0.0,44.17,28/06/2025
546,23,17,2025-06-29,2.0,552.28,5.0,47.28,29/06/2025
547,13,245,2025-06-30,5.0,467.86,15.0,5.68,30/06/2025
548,4,206,2025-07-01,2.0,458.8,0.0,43.41,01/07/2025
549,14,258,2025-07-02,4.0,493.13,0.0,6.45,02/07/2025
550,20,112,2025-07-03,5.0,324.49,0.0,31.65,03/07/2025
551,13,205,2025-08-03,2.0,74.56,20.0,36.0,03/08/2025
552,3,27,2025-09-03,2.0,542.03,0.0,8.04,03/09/2025
553,78,71,2025-07-06,6.0,197.85,0.0,31.63,06/07/2025
554,47,176,2025-07-07,0.0,363.9,0.0,2.62,07/07/2025
555,3,202,2025-07-08,3.0,359.76,0.0,14.66,08/07/2025
556,1,248,2025-07-09,3.0,72.35,0.0,46.06,09/07/2025
557,24,118,2025-07-10,4.0,246.68,0.0,8.59,10/07/2025
558,35,9,2025-07-11,10.0,30.02,0.0,3.26,11/07/2025
559,14,86,2025-07-12,5.0,75.68,10.0,22.18,12/07/2025
560,67,23,2025-07-13,100.0,726.49,10.0,42.53,13/07/2025
561,13,240,2025-07-14,3.0,38.33,0.0,3.83,14/07/2025
562,47,73,2025-07-15,1.0,385.54,10.0,17.78,15/07/2025
563,50,27,2025-07-16,2.0,112.3,10.0,44.99,16/07/2025
564,78,81,2025-07-17,4.0,725.27,10.0,5.91,17/07/2025
565,26,84,2025-07-18,4.0,540.61,0.0,15.53,18/07/2025
566,3,199,2025-09-17,2.0,205.83,5.0,38.92,17/09/2025
567,51,43,2025-07-20,1.0,60.73,15.0,27.16,20/07/2025
568,40,263,2025-06-21,2.0,562.85,10.0,41.62,21/06/2025
569,68,92,2025-07-22,2.0,664.01,10.0,5.58,22/07/2025
570,36,84,2025-09-21,1.0,598.66,5.0,46.03,21/09/2025
571,51,300,2025-07-24,3.0,510.93,5.0,46.75,24/07/2025
572,1,296,2025-08-24,1.0,200.5,15.0,7.77,24/08/2025
573,33,135,2025-08-25,1.0,517.51,0.0,1.69,25/08/2025
574,7,281,2025-07-27,4.0,24.68,10.0,49.49,27/07/2025
575,52,59,2025-07-28,4.0,448.26,0.0,24.11,28/07/2025
576,11,241,2025-07-29,3.0,136.99,15.0,28.6,29/07/2025
577,27,98,2025-07-30,2.0,147.65,0.0,30.8,30/07/2025
578,14,62,2025-07-31,4.0,33.37,0.0,39.48,31/07/2025
579,80,264,2025-08-01,4.0,226.63,10.0,40.6,01/08/2025
580,46,113,2025-08-02,5.0,17.03,20.0,9.7,02/08/2025
581,76,146,2025-08-03,4.0,542.97,5.0,11.83,03/08/2025
582,10,216,2025-09-03,1.0,483.57,5.0,43.84,03/09/2025
583,24,256,2025-08-05,2.0,204.72,0.0,40.98,05/08/2025
584,61,258,2025-07-07,1.0,236.76,10.0,30.88,07/07/2025
585,18,194,2025-08-07,1.0,207.79,10.0,49.73,07/08/2025
586,9,14,2025-08-08,4.0,100.09,0.0,36.76,08/08/2025
587,17,103,2025-08-09,2.0,614.06,0.0,10.79,09/08/2025
588,58,245,2025-08-10,2.0,418.8,15.0,42.33,10/08/2025
589,13,245,2025-10-10,3.0,379.88,5.0,20.74,10/10/2025
590,50,268,2025-08-12,0.0,206.95,5.0,1.81,12/08/2025
591,6,224,2025-09-12,2.0,450.75,15.0,16.07,12/09/2025
592,51,220,2025-08-14,100.0,263.29,0.0,38.18,14/08/2025
593,36,217,2025-08-15,1.0,69.99,0.0,48.01,15/08/2025
594,71,4,2025-08-16,6.0,51.3,15.0,13.81,16/08/2025
595,25,36,2025-08-17,1.0,69.45,5.0,12.33,17/08/2025
596,11,178,2025-08-18,2.0,45.13,0.0,28.18,18/08/2025
597,44,257,2025-08-19,5.0,531.9,5.0,40.58,19/08/2025
598,14,17,2025-08-20,2.0,332.11,5.0,37.33,20/08/2025
599,29,199,2025-08-21,0.0,218.51,0.0,28.0,21/08/2025
600,999,48,2025-08-22,4.0,193.99,0.0,31.57,22/08/2025
601,50,62,2025-08-23,5.0,128.47,15.0,12.1,23/08/2025
602,5,69,2025-08-24,3.0,229.13,0.0,21.63,24/08/2025
603,72,147,2025-08-25,6.0,321.47,0.0,12.77,25/08/2025
604,69,162,2025-08-26,1.0,122.26,0.0,44.22,26/08/2025
605,57,227,2025-08-27,1.0,556.31,20.0,5.63,27/08/2025
606,26,230,2025-08-28,2.0,46.3,0.0,33.99,28/08/2025
607,6,178,2025-08-29,2.0,272.47,15.0,13.01,29/08/2025
608,16,56,2025-08-30,4.0,630.66,5.0,23.78,30/08/2025
609,60,78,2025-10-30,0.0,470.63,0.0,14.97,30/10/2025
610,12,270,2025-09-01,1.0,534.4,15.0,16.16,01/09/2025
611,75,206,2025-09-02,4.0,39.91,10.0,13.02,02/09/2025
612,3,281,2025-09-03,1.0,685.91,20.0,37.64,03/09/2025
613,63,228,2025-09-04,3.0,77.74,10.0,18.29,04/09/2025
614,64,239,2025-09-05,4.0,488.1,15.0,36.32,05/09/2025
615,62,288,2025-09-06,6.0,330.1,0.0,22.8,06/09/2025
616,6,82,2025-11-06,2.0,254.59,0.0,27.36,06/11/2025
617,19,250,2025-09-08,2.0,519.09,10.0,27.16,08/09/2025
618,18,193,2025-09-09,3.0,462.29,5.0,48.79,09/09/2025
619,80,106,2025-09-10,5.0,107.0,5.0,18.35,10/09/2025
620,43,189,2025-09-11,3.0,397.86,5.0,10.38,11/09/2025
621,73,276,2025-09-12,2.0,494.94,0.0,45.59,12/09/2025
622,3,74,2025-09-13,3.0,276.36,10.0,8.74,13/09/2025
623,72,10,2025-09-14,2.0,545.02,0.0,41.72,14/09/2025
624,38,123,2026-09-15,5.0,11.8,0.0,7.51,15/09/2026
625,68,216,2025-09-16,2.0,486.56,0.0,32.94,16/09/2025
626,76,290,2025-09-17,1.0,143.11,0.0,7.53,17/09/2025
627,44,40,2025-09-18,3.0,404.99,0.0,46.15,18/09/2025
628,80,193,2025-09-19,4.0,204.93,5.0,28.25,19/09/2025
629,63,127,2025-09-20,2.0,389.53,0.0,16.46,20/09/2025
630,42,289,2025-09-21,2.0,395.75,0.0,7.02,21/09/2025
631,64,71,2025-10-22,2.0,592.38,15.0,18.56,22/10/2025
632,54,137,2025-10-23,3.0,544.19,5.0,35.25,23/10/2025
633,78,144,2025-09-24,1.0,571.81,5.0,19.25,24/09/2025
634,77,299,2025-11-24,2.0,338.84,15.0,12.3,24/11/2025
635,71,269,2025-09-26,0.0,507.67,0.0,28.87,26/09/2025
636,76,139,2025-09-27,2.0,154.45,10.0,20.89,27/09/2025
637,37,52,2025-09-28,2.0,157.63,15.0,8.29,28/09/2025
638,4,17,2025-08-30,2.0,87.9,10.0,7.7,30/08/2025
639,2,165,2025-09-30,5.0,577.7,5.0,35.37,30/09/2025
640,44,13,2025-10-01,2.0,429.95,5.0,48.73,01/10/2025
641,67,190,2025-10-02,3.0,181.49,0.0,11.65,02/10/2025
642,68,264,2025-10-03,2.0,480.06,10.0,38.66,03/10/2025
643,76,221,2025-10-04,5.0,699.08,15.0,4.38,04/10/2025
644,74,104,2025-10-05,0.0,611.86,10.0,19.08,05/10/2025
645,62,198,2025-10-06,4.0,138.78,10.0,25.33,06/10/2025
646,1,300,2025-10-07,2.0,395.62,10.0,13.44,07/10/2025
647,999,169,2025-10-08,6.0,436.59,5.0,26.48,08/10/2025
648,999,149,2025-10-09,2.0,300.65,5.0,44.13,09/10/2025
649,9,249,2025-10-10,2.0,455.07,5.0,47.22,10/10/2025
650,53,256,2025-10-11,1.0,554.28,0.0,5.03,11/10/2025
651,73,42,2025-10-12,1.0,595.27,0.0,13.59,12/10/2025
652,59,202,2025-10-13,2.0,509.72,0.0,48.96,13/10/2025
653,9,244,2025-10-14,1.0,23.81,20.0,13.52,14/10/2025
654,12,157,2025-09-15,5.0,70.35,0.0,34.64,15/09/2025
655,41,286,2025-10-16,3.0,467.71,0.0,12.67,16/10/2025
656,15,282,2025-10-17,2.0,348.29,0.0,17.82,17/10/2025
657,66,238,2025-10-18,3.0,364.81,10.0,9.56,18/10/2025
658,75,19,2025-10-19,2.0,457.16,0.0,42.82,19/10/2025
659,11,53,2025-10-20,2.0,106.85,5.0,44.13,20/10/2025
660,8,85,2025-10-21,1.0,437.82,0.0,14.85,21/10/2025
661,55,273,2025-10-22,7.0,554.99,15.0,41.18,22/10/2025
662,6,213,2025-10-23,2.0,227.77,0.0,17.91,23/10/2025
663,53,104,2026-10-24,4.0,384.35,0.0,4.95,24/10/2026
664,20,192,2025-11-24,6.0,75.34,5.0,37.9,24/11/2025
665,39,177,2025-10-26,3.0,488.23,10.0,29.82,26/10/2025
666,72,147,2025-10-27,1.0,170.55,5.0,13.72,27/10/2025
667,34,81,2025-11-27,2.0,74.66,0.0,12.65,27/11/2025
668,57,193,2025-10-29,1.0,79.18,5.0,48.78,29/10/2025
669,19,37,2025-10-30,0.0,365.29,0.0,43.13,30/10/2025
670,71,154,2025-10-01,1.0,92.51,15.0,40.49,01/10/2025
671,31,130,2025-11-01,4.0,372.32,0.0,6.4,01/11/2025
672,40,59,2025-11-02,4.0,344.76,5.0,37.76,02/11/2025
673,14,224,2025-10-04,6.0,533.23,5.0,10.73,04/10/2025
674,37,249,2025-11-04,1.0,20.84,5.0,48.87,04/11/2025
675,44,240,2025-11-05,5.0,87.5,15.0,2.6,05/11/2025
676,9,293,2025-11-06,7.0,423.85,10.0,17.61,06/11/2025
677,58,287,2026-01-06,2.0,123.74,10.0,21.43,06/01/2026
678,20,204,2026-01-07,2.0,485.1,5.0,41.21,07/01/2026
679,50,99,2025-12-09,1.0,579.33,0.0,38.31,09/12/2025
680,20,176,2025-11-10,3.0,80.14,5.0,18.75,10/11/2025
681,36,262,2025-12-11,4.0,529.55,0.0,28.28,11/12/2025
682,27,271,2026-11-12,3.0,7.01,0.0,41.78,12/11/2026
683,72,143,2025-11-13,2.0,259.65,10.0,0.91,13/11/2025
684,32,189,2026-11-14,2.0,312.2,0.0,40.11,14/11/2026
685,1,272,2026-01-14,2.0,210.37,0.0,47.34,14/01/2026
686,17,20,2025-11-16,4.0,17.04,5.0,1.6,16/11/2025
687,9,300,2025-11-17,6.0,400.83,20.0,2.28,17/11/2025
688,45,46,2025-11-18,1.0,147.86,10.0,17.23,18/11/2025
689,66,95,2025-11-19,5.0,506.63,20.0,4.39,19/11/2025
690,32,64,2025-11-20,0.0,459.15,10.0,23.96,20/11/2025
691,45,131,2025-11-21,4.0,378.11,0.0,36.44,21/11/2025
692,9,9,2026-01-21,4.0,533.04,0.0,28.34,21/01/2026
693,30,203,2025-10-24,5.0,290.26,0.0,9.82,24/10/2025
694,38,298,2025-12-24,1.0,325.97,5.0,32.74,24/12/2025
695,60,174,2025-11-25,5.0,342.86,0.0,34.24,25/11/2025
696,1,73,2025-11-26,2.0,606.45,10.0,46.62,26/11/2025
697,5,84,2025-11-27,2.0,676.57,10.0,7.34,27/11/2025
698,63,59,2025-11-28,6.0,457.76,0.0,34.62,28/11/2025
699,36,21,2025-12-29,1.0,79.13,0.0,45.57,29/12/2025
700,65,157,2026-11-30,3.0,680.63,0.0,25.08,30/11/2026
701,78,61,2025-12-01,5.0,660.7,10.0,18.09,01/12/2025
702,73,64,2026-12-02,3.0,102.86,5.0,8.54,02/12/2026
703,24,168,2026-02-01,0.0,203.37,0.0,43.34,01/02/2026
704,4,203,2025-12-04,4.0,436.5,20.0,19.71,04/12/2025
705,78,129,2026-02-03,2.0,484.79,5.0,46.24,03/02/2026
706,68,245,2025-12-06,1.0,8.86,5.0,42.39,06/12/2025
707,25,106,2025-12-07,6.0,163.4,10.0,18.83,07/12/2025
708,74,122,2025-12-08,5.0,76.58,15.0,28.7,08/12/2025
709,7,182,2025-12-09,100.0,190.81,10.0,1.36,09/12/2025
710,13,103,2025-12-10,200.0,61.99,5.0,13.16,10/12/2025
711,68,261,2025-12-11,2.0,9.39,0.0,35.51,11/12/2025
712,43,113,2025-12-12,2.0,462.05,15.0,33.9,12/12/2025
713,57,70,2025-12-13,2.0,315.09,5.0,17.67,13/12/2025
714,36,160,2025-12-14,2.0,250.4,10.0,40.43,14/12/2025
715,14,240,2025-12-15,0.0,31.53,20.0,11.79,15/12/2025
716,72,11,2025-12-16,8.0,563.46,0.0,23.06,16/12/2025
717,27,138,2025-12-17,2.0,212.41,0.0,23.63,17/12/2025
718,37,167,2025-12-18,2.0,190.85,0.0,17.04,18/12/2025
719,71,247,2025-12-19,3.0,65.85,0.0,47.73,19/12/2025
720,76,31,2025-12-20,4.0,85.39,15.0,34.83,20/12/2025
721,25,12,2025-12-21,3.0,141.65,0.0,26.96,21/12/2025
722,67,243,2026-01-21,5.0,351.47,0.0,25.53,21/01/2026
723,4,108,2025-12-23,6.0,27.26,0.0,7.96,23/12/2025
724,79,194,2025-12-24,9.0,403.04,0.0,18.61,24/12/2025
725,74,133,2025-11-25,4.0,346.1,0.0,33.64,25/11/2025
726,16,281,2026-02-24,5.0,51.41,0.0,46.23,24/02/2026
727,19,291,2026-12-27,3.0,288.26,10.0,40.82,27/12/2026
728,29,163,2026-02-26,2.0,602.92,0.0,15.02,26/02/2026
729,51,278,2025-12-29,1.0,95.71,0.0,21.7,29/12/2025
730,999,203,2025-12-30,3.0,100.56,15.0,4.15,30/12/2025
731,58,96,2025-12-31,2.0,55.8,15.0,5.11,31/12/2025
732,44,223,2026-01-01,3.0,24.23,0.0,23.51,01/01/2026
733,16,237,2026-01-02,3.0,576.19,0.0,26.51,02/01/2026
734,65,117,2026-01-03,4.0,99.58,10.0,13.2,03/01/2026
735,2,192,2026-01-04,5.0,492.82,0.0,32.14,04/01/2026
736,56,276,2026-02-04,4.0,288.54,0.0,35.17,04/02/2026
737,79,106,2026-02-05,2.0,447.36,0.0,14.96,05/02/2026
738,28,4,2026-01-07,3.0,377.05,0.0,37.92,07/01/2026
739,65,18,2026-03-09,2.0,616.62,5.0,10.28,09/03/2026
740,5,20,2026-01-09,2.0,414.85,20.0,27.21,09/01/2026
741,22,122,2026-03-11,4.0,19.43,15.0,40.21,11/03/2026
742,13,137,2026-01-11,4.0,310.13,5.0,26.85,11/01/2026
743,65,80,2025-12-13,5.0,89.04,5.0,45.4,13/12/2025
744,16,154,2026-01-13,0.0,573.91,10.0,2.93,13/01/2026
745,64,25,2026-01-14,2.0,539.14,5.0,29.42,14/01/2026
746,32,169,2026-01-15,1.0,463.48,0.0,28.09,15/01/2026
747,80,59,2026-01-16,5.0,464.68,10.0,33.02,16/01/2026
748,51,41,2026-01-17,2.0,696.47,20.0,41.67,17/01/2026
749,79,38,2026-01-18,0.0,219.28,0.0,36.29,18/01/2026
750,58,117,2026-01-19,1.0,101.22,15.0,39.51,19/01/2026
751,46,275,2026-01-20,4.0,67.11,5.0,14.44,20/01/2026
752,999,270,2026-01-21,6.0,229.02,5.0,19.37,21/01/2026
753,63,127,2027-01-22,1.0,423.16,0.0,31.34,22/01/2027
754,76,3,2026-01-23,2.0,466.88,10.0,27.67,23/01/2026
755,60,293,2026-01-24,4.0,411.42,15.0,48.06,24/01/2026
756,65,16,2026-01-25,5.0,70.18,10.0,9.34,25/01/2026
757,55,265,2026-02-25,2.0,249.92,0.0,17.56,25/02/2026
758,57,239,2026-01-27,3.0,359.32,0.0,28.64,27/01/2026
759,71,263,2025-12-29,4.0,170.38,5.0,43.4,29/12/2025
760,73,134,2026-03-30,4.0,229.67,5.0,46.47,30/03/2026
761,26,213,2026-01-30,2.0,338.0,5.0,16.8,30/01/2026
762,12,15,2026-01-31,6.0,74.23,0.0,3.36,31/01/2026
763,71,129,2026-04-02,3.0,16.19,10.0,21.08,02/04/2026
764,46,122,2026-03-04,1.0,38.04,5.0,19.72,04/03/2026
765,47,241,2026-02-03,4.0,497.42,0.0,49.32,03/02/2026
766,79,115,2026-02-04,1.0,328.12,0.0,21.55,04/02/2026
767,38,197,2026-03-07,4.0,541.55,10.0,15.29,07/03/2026
768,21,222,2026-02-06,2.0,548.22,15.0,18.27,06/02/2026
769,14,214,2027-02-07,5.0,258.26,10.0,19.85,07/02/2027
770,2,80,2026-02-08,2.0,311.9,5.0,41.08,08/02/2026
771,72,263,2026-02-09,3.0,718.45,0.0,4.05,09/02/2026
772,70,135,2026-04-11,6.0,203.25,0.0,15.83,11/04/2026
773,33,242,2026-02-11,2.0,435.13,0.0,48.32,11/02/2026
774,6,270,2026-02-12,4.0,486.52,5.0,7.66,12/02/2026
775,37,287,2026-02-13,1.0,552.98,0.0,37.13,13/02/2026
776,14,50,2026-02-14,0.0,46.6,5.0,17.82,14/02/2026
777,37,189,2026-02-15,1.0,464.94,20.0,29.09,15/02/2026
778,8,297,2026-02-16,3.0,349.41,10.0,4.98,16/02/2026
779,77,14,2026-02-17,3.0,182.14,10.0,15.32,17/02/2026
780,13,232,2026-03-20,3.0,147.05,0.0,25.04,20/03/2026
781,40,261,2026-02-19,4.0,213.51,0.0,11.59,19/02/2026
782,58,192,2026-02-20,4.0,333.08,0.0,27.09,20/02/2026
783,18,203,2026-02-21,5.0,550.76,0.0,10.99,21/02/2026
784,57,261,2027-02-22,4.0,465.56,5.0,32.51,22/02/2027
785,38,113,2026-03-25,3.0,192.3,15.0,45.22,25/03/2026
786,32,36,2026-02-24,5.0,672.87,0.0,4.27,24/02/2026
787,66,79,2026-02-25,4.0,678.18,0.0,10.83,25/02/2026
788,77,275,2026-02-26,1.0,51.74,15.0,42.22,26/02/2026
789,25,278,2026-03-29,1.0,361.68,0.0,31.58,29/03/2026
790,58,162,2026-04-29,1.0,201.13,20.0,3.94,29/04/2026
791,75,17,2026-03-01,2.0,229.0,0.0,24.32,01/03/2026
792,999,204,2026-05-01,2.0,612.44,0.0,10.49,01/05/2026
793,66,17,2026-04-02,200.0,259.95,0.0,9.95,02/04/2026
794,30,202,2026-03-04,2.0,541.01,0.0,47.03,04/03/2026
795,34,210,2026-03-05,3.0,41.72,0.0,38.08,05/03/2026
796,69,78,2026-03-06,4.0,326.77,0.0,34.81,06/03/2026
797,48,56,2026-03-07,4.0,702.48,10.0,11.95,07/03/2026
798,40,80,2026-05-07,4.0,565.91,10.0,5.93,07/05/2026
799,51,58,2026-03-09,100.0,545.43,15.0,43.54,09/03/2026
800,80,18,2026-03-10,3.0,121.89,0.0,0.29,10/03/2026
801,13,208,2026-03-11,6.0,247.86,5.0,19.4,11/03/2026
802,31,135,2026-03-12,2.0,463.89,10.0,13.88,12/03/2026
803,39,10,2026-03-13,4.0,300.26,0.0,28.52,13/03/2026
804,63,69,2026-03-14,3.0,190.09,0.0,12.53,14/03/2026
805,48,83,2026-03-15,2.0,8.38,10.0,15.56,15/03/2026
806,48,109,2026-03-16,5.0,27.75,0.0,42.5,16/03/2026
807,61,44,2026-03-17,2.0,33.66,0.0,30.16,17/03/2026
808,12,132,2026-03-18,1.0,318.41,0.0,7.28,18/03/2026
809,78,18,2026-03-19,2.0,123.3,0.0,36.32,19/03/2026
810,56,93,2026-03-20,2.0,499.51,0.0,10.37,20/03/2026
811,18,294,2026-03-21,6.0,56.72,0.0,21.65,21/03/2026
812,27,148,2026-03-22,2.0,41.17,0.0,32.33,22/03/2026
813,28,172,2026-03-23,3.0,178.54,15.0,13.6,23/03/2026
814,80,51,2026-03-24,3.0,200.73,15.0,19.21,24/03/2026
815,52,19,2026-04-24,4.0,189.47,0.0,36.71,24/04/2026
816,16,120,2026-03-26,2.0,208.35,0.0,46.9,26/03/2026
817,77,225,2026-03-27,2.0,445.43,10.0,26.46,27/03/2026
818,58,66,2026-05-27,3.0,672.93,5.0,0.5,27/05/2026
819,9,141,2026-03-29,4.0,437.2,15.0,16.92,29/03/2026
820,26,189,2026-03-30,5.0,499.15,0.0,19.93,30/03/2026
821,28,158,2027-03-31,6.0,512.23,10.0,16.96,31/03/2027
822,77,98,2026-05-01,0.0,499.82,10.0,21.81,01/05/2026
823,36,158,2026-04-02,3.0,475.76,0.0,31.63,02/04/2026
824,9,246,2026-04-03,2.0,33.67,10.0,6.06,03/04/2026
825,47,236,2026-04-04,5.0,457.01,0.0,13.63,04/04/2026
826,78,33,2026-04-05,4.0,58.01,0.0,25.38,05/04/2026
827,51,241,2026-04-06,1.0,36.54,10.0,15.78,06/04/2026
828,76,275,2026-04-07,1.0,630.89,5.0,49.55,07/04/2026
829,57,71,2026-04-08,2.0,445.29,20.0,21.57,08/04/2026
830,32,216,2026-04-09,2.0,455.68,10.0,43.49,09/04/2026
831,67,79,2026-06-09,2.0,257.92,5.0,44.83,09/06/2026
832,57,169,2026-04-11,3.0,75.63,5.0,41.8,11/04/2026
833,54,298,2026-04-12,0.0,180.14,5.0,2.34,12/04/2026
834,16,180,2026-04-13,0.0,102.17,0.0,47.39,13/04/2026
835,62,116,2026-04-14,3.0,20.53,0.0,6.44,14/04/2026
836,56,260,2026-04-15,2.0,67.83,5.0,1.72,15/04/2026
837,23,260,2026-04-16,5.0,664.13,0.0,20.72,16/04/2026
838,17,5,2026-04-17,4.0,527.81,0.0,9.73,17/04/2026
839,80,297,2026-04-18,1.0,215.85,0.0,9.21,18/04/2026
840,38,108,2026-04-19,4.0,82.01,0.0,14.39,19/04/2026
841,72,117,2026-04-20,6.0,575.2,0.0,12.42,20/04/2026
842,30,13,2026-04-21,2.0,450.53,10.0,34.24,21/04/2026
843,58,142,2026-04-22,1.0,460.02,5.0,9.34,22/04/2026
844,78,188,2026-03-24,4.0,452.37,5.0,27.16,24/03/2026
845,22,281,2026-04-24,6.0,272.59,10.0,49.32,24/04/2026
846,17,115,2026-04-25,2.0,671.36,0.0,21.62,25/04/2026
847,15,236,2026-04-26,5.0,330.11,0.0,32.09,26/04/2026
848,48,10,2026-04-27,2.0,33.57,5.0,48.47,27/04/2026
849,32,199,2026-03-29,1.0,271.49,0.0,6.88,29/03/2026
850,77,252,2026-04-29,2.0,168.29,5.0,20.93,29/04/2026
851,40,50,2026-05-30,1.0,110.87,0.0,42.51,30/05/2026
852,57,142,2026-05-01,1.0,543.02,10.0,46.62,01/05/2026
853,58,271,2026-05-02,2.0,75.57,10.0,30.06,02/05/2026
854,16,16,2026-05-03,2.0,459.62,5.0,7.17,03/05/2026
855,28,2,2026-07-03,1.0,268.24,10.0,45.07,03/07/2026
856,1,158,2026-05-05,1.0,551.32,0.0,8.72,05/05/2026
857,41,30,2026-05-06,3.0,250.08,5.0,17.64,06/05/2026
858,48,82,2026-04-07,3.0,337.35,5.0,18.78,07/04/2026
859,31,31,2026-05-08,1.0,112.23,0.0,22.36,08/05/2026
860,36,236,2026-05-09,3.0,666.38,0.0,39.51,09/05/2026
861,33,148,2026-05-10,4.0,474.46,15.0,40.11,10/05/2026
862,33,177,2026-04-11,3.0,98.39,0.0,35.98,11/04/2026
863,23,35,2026-05-12,3.0,369.55,0.0,1.11,12/05/2026
864,60,23,2026-06-12,5.0,290.49,5.0,28.24,12/06/2026
865,79,106,2026-06-13,2.0,485.56,0.0,37.37,13/06/2026
866,30,97,2026-05-15,1.0,719.42,10.0,22.23,15/05/2026
867,45,230,2026-05-16,1.0,204.94,10.0,47.25,16/05/2026
868,80,227,2026-05-17,3.0,131.29,15.0,41.19,17/05/2026
869,39,100,2026-05-18,2.0,352.53,0.0,31.91,18/05/2026
870,45,55,2026-06-18,6.0,177.61,10.0,3.12,18/06/2026
871,78,195,2026-07-19,0.0,423.12,20.0,32.62,19/07/2026
872,12,8,2026-05-21,3.0,663.25,0.0,45.58,21/05/2026
873,32,128,2026-05-22,4.0,483.26,0.0,18.97,22/05/2026
874,56,32,2026-05-23,5.0,57.24,20.0,41.91,23/05/2026
875,24,93,2026-05-24,1.0,189.78,0.0,15.66,24/05/2026
876,13,7,2026-05-25,2.0,608.85,0.0,28.51,25/05/2026
877,20,258,2026-05-26,2.0,107.9,0.0,32.42,26/05/2026
878,79,220,2026-05-27,2.0,215.89,0.0,33.9,27/05/2026
879,56,240,2026-05-28,4.0,169.54,0.0,44.13,28/05/2026
880,53,106,2026-05-29,3.0,403.47,5.0,11.73,29/05/2026
881,68,36,2026-05-30,2.0,130.1,10.0,13.12,30/05/2026
882,54,45,2026-05-31,1.0,182.52,0.0,35.2,31/05/2026
883,34,298,2026-07-31,2.0,20.23,15.0,8.86,31/07/2026
884,28,9,2026-06-02,4.0,103.32,5.0,23.21,02/06/2026
885,50,87,2027-06-03,3.0,525.78,0.0,1.0,03/06/2027
886,2,177,2026-08-03,4.0,183.3,0.0,7.05,03/08/2026
887,26,130,2026-06-05,2.0,495.63,15.0,33.94,05/06/2026
888,51,195,2026-07-06,3.0,363.54,0.0,37.37,06/07/2026
889,47,11,2026-06-07,0.0,522.84,10.0,5.77,07/06/2026
890,26,122,2026-06-08,2.0,235.28,20.0,11.39,08/06/2026
891,75,235,2026-06-09,3.0,7.37,0.0,4.95,09/06/2026
892,74,31,2026-06-10,3.0,539.76,0.0,21.67,10/06/2026
893,61,224,2026-06-11,1.0,570.23,15.0,6.31,11/06/2026
894,23,153,2026-06-12,3.0,358.97,5.0,21.86,12/06/2026
895,37,212,2026-06-13,1.0,286.51,15.0,36.6,13/06/2026
896,41,92,2026-06-14,4.0,231.53,20.0,34.17,14/06/2026
897,52,129,2026-06-15,0.0,285.2,0.0,14.02,15/06/2026
898,49,197,2026-07-16,4.0,568.43,15.0,33.69,16/07/2026
899,27,42,2026-06-17,3.0,688.7,0.0,46.39,17/06/2026
900,6,228,2026-06-18,5.0,350.51,0.0,17.38,18/06/2026
901,74,194,2026-08-18,2.0,79.94,5.0,16.46,18/08/2026
902,66,18,2026-06-20,4.0,438.27,0.0,28.57,20/06/2026
903,24,243,2026-06-21,3.0,458.81,5.0,12.28,21/06/2026
904,38,276,2026-06-22,3.0,496.37,5.0,32.58,22/06/2026
905,28,127,2026-06-23,3.0,169.85,0.0,41.61,23/06/2026
906,28,75,2026-05-25,7.0,282.6,15.0,22.97,25/05/2026
907,66,62,2026-06-25,6.0,294.9,10.0,33.98,25/06/2026
908,61,288,2027-06-26,2.0,696.81,0.0,32.59,26/06/2027
909,46,186,2026-06-27,100.0,414.18,0.0,1.93,27/06/2026
910,69,178,2026-06-28,3.0,370.86,20.0,9.17,28/06/2026
911,75,166,2026-06-29,4.0,228.12,15.0,44.68,29/06/2026
912,74,183,2026-06-30,1.0,279.52,0.0,46.94,30/06/2026
913,43,28,2026-07-01,1.0,362.27,0.0,39.02,01/07/2026
914,59,247,2026-08-31,6.0,230.15,15.0,46.06,31/08/2026
915,2,22,2026-09-01,8.0,374.32,10.0,15.31,01/09/2026
916,15,96,2026-07-04,1.0,460.62,0.0,12.39,04/07/2026
917,37,122,2026-06-05,200.0,624.64,5.0,19.22,05/06/2026
918,71,250,2026-09-04,4.0,77.2,5.0,2.77,04/09/2026
919,20,137,2026-07-07,4.0,353.16,15.0,40.49,07/07/2026
920,35,277,2026-07-08,4.0,296.9,0.0,49.21,08/07/2026
921,34,61,2026-07-09,2.0,365.14,5.0,41.2,09/07/2026
922,31,250,2026-07-10,5.0,13.22,0.0,27.75,10/07/2026
923,19,95,2026-07-11,5.0,691.59,0.0,14.76,11/07/2026
924,68,296,2026-07-12,2.0,13.41,15.0,9.88,12/07/2026
925,24,184,2026-08-12,2.0,364.82,10.0,18.2,12/08/2026
926,39,260,2026-07-14,6.0,43.36,10.0,33.35,14/07/2026
927,54,287,2026-07-15,7.0,341.0,5.0,22.35,15/07/2026
928,39,155,2027-07-16,2.0,25.65,0.0,46.7,16/07/2027
929,17,186,2026-09-15,3.0,337.54,0.0,42.71,15/09/2026
930,19,69,2026-07-18,2.0,98.82,15.0,5.12,18/07/2026
931,48,261,2026-09-17,6.0,678.82,0.0,6.58,17/09/2026
932,35,115,2026-07-20,1.0,358.57,0.0,33.81,20/07/2026
933,32,8,2026-07-21,4.0,275.42,5.0,11.54,21/07/2026
934,47,265,2026-07-22,1.0,287.13,15.0,39.55,22/07/2026
935,47,271,2026-07-23,1.0,212.34,15.0,29.57,23/07/2026
936,64,249,2026-07-24,3.0,293.27,5.0,11.49,24/07/2026
937,46,105,2026-07-25,4.0,437.92,5.0,23.93,25/07/2026
938,35,263,2026-07-26,5.0,165.48,0.0,20.3,26/07/2026
939,17,224,2026-07-27,2.0,107.58,0.0,43.66,27/07/2026
940,42,271,2026-07-28,4.0,578.92,15.0,1.61,28/07/2026
941,29,165,2026-08-28,3.0,288.22,10.0,44.79,28/08/2026
942,70,83,2026-07-30,3.0,446.21,0.0,32.6,30/07/2026
943,999,295,2026-07-31,1.0,455.93,0.0,36.88,31/07/2026
944,14,134,2026-08-01,4.0,655.44,5.0,0.13,01/08/2026
945,24,211,2026-08-02,1.0,401.6,0.0,31.41,02/08/2026
946,57,92,2026-08-03,4.0,417.64,0.0,29.42,03/08/2026
947,50,127,2026-09-03,1.0,515.98,0.0,26.86,03/09/2026
948,57,191,2026-08-05,1.0,536.1,0.0,39.29,05/08/2026
949,61,159,2026-08-06,2.0,40.74,10.0,27.79,06/08/2026
950,39,10,2026-08-07,0.0,194.15,15.0,42.85,07/08/2026
951,55,107,2026-08-08,1.0,566.69,0.0,11.63,08/08/2026
952,36,87,2026-08-09,2.0,489.34,5.0,40.3,09/08/2026
953,37,67,2026-08-10,2.0,675.73,0.0,8.97,10/08/2026
954,14,62,2026-08-11,0.0,428.44,5.0,40.66,11/08/2026
955,27,146,2026-08-12,3.0,151.01,15.0,47.02,12/08/2026
956,31,153,2026-08-13,3.0,249.91,5.0,16.78,13/08/2026
957,73,107,2026-08-14,3.0,527.08,15.0,26.49,14/08/2026
958,44,148,2026-10-14,1.0,592.78,5.0,32.92,14/10/2026
959,68,186,2026-09-15,1.0,310.76,10.0,3.97,15/09/2026
960,48,178,2026-09-16,6.0,82.31,5.0,24.7,16/09/2026
961,57,266,2026-08-18,0.0,171.52,15.0,18.03,18/08/2026
962,75,149,2026-08-19,2.0,172.63,0.0,43.62,19/08/2026
963,22,247,2026-08-20,4.0,409.74,10.0,43.83,20/08/2026
964,4,254,2026-08-21,5.0,436.23,15.0,35.04,21/08/2026
965,72,29,2026-08-22,3.0,357.79,0.0,32.79,22/08/2026
966,46,266,2026-08-23,2.0,497.27,0.0,36.68,23/08/2026
967,59,13,2026-08-24,2.0,144.59,0.0,18.3,24/08/2026
968,999,47,2026-07-26,4.0,518.82,0.0,20.23,26/07/2026
969,11,151,2026-08-26,200.0,138.71,0.0,27.69,26/08/2026
970,31,50,2026-08-27,1.0,470.21,0.0,46.9,27/08/2026
971,11,215,2026-08-28,5.0,423.4,20.0,36.2,28/08/2026
972,56,132,2026-09-28,1.0,485.29,0.0,27.55,28/09/2026
973,38,113,2026-08-30,4.0,171.32,15.0,38.52,30/08/2026
974,21,252,2026-08-31,2.0,44.1,5.0,18.54,31/08/2026
975,10,53,2026-09-01,5.0,176.52,0.0,36.52,01/09/2026
976,26,130,2026-09-02,2.0,653.5,0.0,20.53,02/09/2026
977,8,193,2026-09-03,6.0,276.22,5.0,13.98,03/09/2026
978,8,79,2026-11-03,2.0,373.05,0.0,30.49,03/11/2026
979,60,57,2026-09-05,1.0,197.86,10.0,34.34,05/09/2026
980,72,97,2026-09-06,3.0,201.28,0.0,22.96,06/09/2026
981,34,198,2026-09-07,4.0,254.85,20.0,28.28,07/09/2026
982,16,135,2026-09-08,3.0,190.15,20.0,34.7,08/09/2026
983,13,147,2026-09-09,5.0,282.75,0.0,38.39,09/09/2026
984,76,172,2026-09-10,4.0,14.88,20.0,44.78,10/09/2026
985,22,63,2026-09-11,3.0,110.58,15.0,17.73,11/09/2026
986,27,65,2026-09-12,1.0,258.62,10.0,47.57,12/09/2026
987,64,295,2026-09-13,3.0,347.3,0.0,31.86,13/09/2026
988,2,211,2026-09-14,1.0,223.03,10.0,39.39,14/09/2026
989,26,109,2026-09-15,1.0,21.4,5.0,34.99,15/09/2026
990,69,282,2026-11-15,4.0,284.25,20.0,10.28,15/11/2026
991,30,172,2026-09-17,3.0,497.22,5.0,3.57,17/09/2026
992,8,12,2026-09-18,200.0,200.24,0.0,36.31,18/09/2026
993,38,220,2026-11-18,2.0,389.96,0.0,25.55,18/11/2026
994,61,286,2026-09-20,6.0,171.7,10.0,35.11,20/09/2026
995,65,172,2026-11-20,3.0,306.06,5.0,23.84,20/11/2026
996,67,236,2026-09-22,1.0,449.58,0.0,15.61,22/09/2026
997,46,166,2026-08-24,4.0,53.62,0.0,14.25,24/08/2026
998,72,187,2026-09-24,0.0,379.98,5.0,36.53,24/09/2026
999,43,170,2026-09-25,5.0,67.09,0.0,13.84,25/09/2026
1000,59,52,2026-09-26,5.0,205.99,0.0,35.73,26/09/2026
1001,46,189,2027-09-27,1.0,165.11,0.0,19.2,27/09/2027
1002,72,120,2026-11-27,1.0,229.38,5.0,38.54,27/11/2026
1003,35,105,2026-09-29,2.0,203.78,5.0,7.14,29/09/2026
1004,39,162,2026-09-30,4.0,264.96,0.0,10.25,30/09/2026
1005,51,295,2027-10-01,3.0,387.14,20.0,34.3,01/10/2027
1006,4,41,2026-10-02,4.0,330.41,0.0,28.01,02/10/2026
1007,80,165,2026-11-02,4.0,363.46,0.0,10.19,02/11/2026
1008,77,160,2026-12-03,3.0,534.47,0.0,45.14,03/12/2026
1009,51,264,2026-10-05,1.0,192.1,0.0,13.8,05/10/2026
1010,5,18,2026-10-06,3.0,565.54,0.0,21.05,06/10/2026
1011,55,173,2026-10-07,2.0,218.78,0.0,10.11,07/10/2026
1012,20,33,2026-10-08,3.0,311.27,10.0,19.4,08/10/2026
1013,24,261,2026-12-08,4.0,52.83,10.0,24.58,08/12/2026
1014,36,210,2026-10-10,4.0,126.28,5.0,14.76,10/10/2026
1015,34,164,2026-12-10,4.0,675.3,15.0,38.45,10/12/2026
1016,54,5,2026-10-12,0.0,46.31,0.0,19.7,12/10/2026
1017,34,34,2026-09-13,0.0,290.39,0.0,36.48,13/09/2026
1018,17,280,2026-10-14,7.0,587.78,0.0,10.35,14/10/2026
1019,5,145,2026-10-15,3.0,630.6,10.0,18.85,15/10/2026
1020,18,71,2026-10-16,4.0,349.35,0.0,0.4,16/10/2026
1021,55,230,2026-11-16,4.0,274.78,20.0,37.93,16/11/2026
1022,53,125,2026-10-18,3.0,591.73,5.0,31.29,18/10/2026
1023,50,278,2026-12-18,5.0,573.8,0.0,40.89,18/12/2026
1024,72,271,2026-10-20,1.0,492.41,10.0,22.78,20/10/2026
1025,79,15,2026-10-21,4.0,314.95,0.0,39.99,21/10/2026
1026,45,242,2026-10-22,1.0,444.4,15.0,32.38,22/10/2026
1027,13,153,2026-10-23,4.0,66.09,10.0,0.18,23/10/2026
1028,16,53,2026-10-24,4.0,607.51,0.0,12.68,24/10/2026
1029,13,149,2026-09-25,1.0,115.01,0.0,24.69,25/09/2026
1030,20,219,2026-09-26,2.0,534.74,0.0,30.93,26/09/2026
1031,66,113,2027-10-27,3.0,603.49,10.0,3.28,27/10/2027
1032,47,288,2026-11-27,2.0,688.11,0.0,35.25,27/11/2026
1033,19,277,2026-10-29,4.0,342.28,5.0,27.18,29/10/2026
1034,45,83,2026-10-30,2.0,9.67,0.0,26.29,30/10/2026
1035,37,218,2026-10-31,8.0,273.71,0.0,14.6,31/10/2026
1036,54,226,2026-12-31,4.0,121.33,0.0,29.74,31/12/2026
1037,6,270,2026-11-02,4.0,131.65,10.0,1.37,02/11/2026
1038,14,15,2026-11-03,1.0,204.41,0.0,3.24,03/11/2026
1039,4,290,2026-11-04,3.0,284.57,5.0,36.69,04/11/2026
1040,55,265,2026-11-05,3.0,617.96,10.0,16.09,05/11/2026
1041,34,199,2027-01-05,3.0,192.99,5.0,17.35,05/01/2027
1042,27,158,2026-12-07,7.0,191.24,0.0,10.42,07/12/2026
1043,7,207,2026-11-08,3.0,242.78,0.0,22.28,08/11/2026
1044,3,174,2026-10-10,2.0,600.27,15.0,2.6,10/10/2026
1045,47,184,2026-11-10,1.0,69.82,10.0,15.02,10/11/2026
1046,2,265,2026-11-11,3.0,255.59,5.0,26.36,11/11/2026
1047,80,246,2026-11-12,3.0,26.71,0.0,23.28,12/11/2026
1048,25,36,2026-11-13,0.0,21.0,15.0,49.98,13/11/2026
1049,60,259,2026-11-14,3.0,113.72,0.0,19.44,14/11/2026
1050,79,19,2026-10-16,5.0,423.66,0.0,19.35,16/10/2026
1051,24,23,2026-11-16,4.0,86.24,0.0,25.18,16/11/2026
1052,15,104,2027-01-16,4.0,572.25,20.0,9.52,16/01/2027
1053,14,241,2026-11-18,5.0,352.18,15.0,43.82,18/11/2026
1054,54,204,2026-11-19,2.0,10.61,10.0,28.61,19/11/2026
1055,78,253,2026-11-20,3.0,527.51,0.0,9.61,20/11/2026
1056,6,142,2026-11-21,3.0,74.33,10.0,39.67,21/11/2026
1057,78,143,2026-11-22,4.0,417.07,0.0,1.72,22/11/2026
1058,18,271,2027-11-23,1.0,124.01,10.0,49.13,23/11/2027
1059,20,110,2026-11-24,2.0,449.49,10.0,43.26,24/11/2026
1060,62,8,2026-11-25,3.0,429.9,0.0,28.98,25/11/2026
1061,80,69,2026-11-26,2.0,563.27,0.0,5.56,26/11/2026
1062,40,190,2026-11-27,3.0,75.63,5.0,10.76,27/11/2026
1063,39,179,2026-11-28,5.0,489.84,15.0,13.97,28/11/2026
1064,52,63,2026-11-29,1.0,159.44,0.0,12.05,29/11/2026
1065,32,68,2026-11-30,1.0,652.92,0.0,24.88,30/11/2026
1066,73,206,2026-12-01,1.0,179.64,20.0,47.23,01/12/2026
1067,27,6,2026-12-02,1.0,125.32,5.0,22.21,02/12/2026
1068,52,119,2026-12-03,1.0,562.43,10.0,33.08,03/12/2026
1069,63,31,2026-12-04,1.0,24.07,20.0,34.43,04/12/2026
1070,74,6,2026-12-05,3.0,137.3,0.0,43.58,05/12/2026
1071,63,207,2027-12-06,2.0,463.14,0.0,1.69,06/12/2027
1072,17,157,2026-12-07,5.0,437.12,10.0,20.22,07/12/2026
1073,49,67,2026-12-08,5.0,672.99,5.0,39.24,08/12/2026
1074,23,289,2026-12-09,2.0,528.73,5.0,40.74,09/12/2026
1075,72,140,2026-11-10,2.0,123.79,0.0,46.37,10/11/2026
1076,13,300,2026-12-11,4.0,379.87,0.0,35.14,11/12/2026
1077,23,13,2026-12-12,0.0,384.59,0.0,12.26,12/12/2026
1078,57,152,2027-02-11,0.0,159.14,0.0,25.28,11/02/2027
1079,62,109,2026-12-14,3.0,473.26,0.0,1.62,14/12/2026
1080,54,149,2026-12-15,3.0,431.22,5.0,32.35,15/12/2026
1081,20,204,2026-12-16,3.0,189.37,0.0,27.71,16/12/2026
1082,52,21,2026-12-17,1.0,497.45,20.0,33.34,17/12/2026
1083,23,60,2026-11-18,3.0,384.68,0.0,46.51,18/11/2026
1084,35,21,2027-01-18,1.0,505.53,5.0,34.36,18/01/2027
1085,67,245,2026-12-20,2.0,451.12,10.0,16.02,20/12/2026
1086,34,73,2026-12-21,2.0,314.86,0.0,9.94,21/12/2026
1087,33,76,2026-12-22,1.0,451.98,15.0,42.73,22/12/2026
1088,46,186,2026-12-23,6.0,357.93,20.0,9.72,23/12/2026
1089,45,78,2027-01-23,5.0,674.34,20.0,8.08,23/01/2027
1090,19,65,2026-12-25,7.0,251.9,0.0,10.33,25/12/2026
1091,15,290,2026-12-26,8.0,31.74,5.0,25.44,26/12/2026
1092,78,56,2027-01-26,2.0,177.69,0.0,6.21,26/01/2027
1093,66,259,2026-12-28,2.0,564.96,0.0,46.91,28/12/2026
1094,39,190,2026-12-29,6.0,338.44,5.0,48.31,29/12/2026
1095,18,6,2026-12-30,3.0,97.51,0.0,48.69,30/12/2026
1096,70,6,2026-12-01,1.0,561.24,20.0,1.96,01/12/2026
1097,59,191,2027-01-01,3.0,316.19,0.0,47.31,01/01/2027
1098,32,148,2027-01-02,0.0,519.92,20.0,49.87,02/01/2027
1099,21,258,2027-01-03,6.0,520.36,0.0,47.12,03/01/2027
1100,40,218,2027-01-04,2.0,366.72,10.0,33.55,04/01/2027
1101,27,90,2027-02-04,1.0,487.09,0.0,35.06,04/02/2027
1102,2,10,2027-02-05,3.0,79.94,0.0,6.11,05/02/2027
1103,80,87,2027-01-07,3.0,79.88,5.0,43.71,07/01/2027
1104,39,250,2027-01-08,5.0,364.73,10.0,2.98,08/01/2027
1105,56,151,2027-01-09,1.0,215.29,10.0,15.89,09/01/2027
1106,13,113,2027-01-10,2.0,30.97,0.0,49.56,10/01/2027
1107,56,30,2027-01-11,3.0,166.7,0.0,21.12,11/01/2027
1108,66,128,2027-03-13,6.0,20.62,0.0,6.56,13/03/2027
1109,78,78,2027-01-13,2.0,264.74,0.0,48.46,13/01/2027
1110,56,55,2027-01-14,3.0,477.42,0.0,49.21,14/01/2027
1111,28,34,2027-01-15,4.0,568.87,10.0,9.35,15/01/2027
1112,64,105,2027-03-17,5.0,276.49,15.0,43.24,17/03/2027
1113,71,172,2027-02-16,1.0,288.73,5.0,19.52,16/02/2027
1114,64,22,2027-03-19,4.0,323.43,10.0,19.07,19/03/2027
1115,56,287,2027-01-19,4.0,327.8,0.0,13.13,19/01/2027
1116,41,105,2027-01-20,1.0,567.69,0.0,2.24,20/01/2027
1117,41,149,2027-03-22,6.0,86.5,0.0,13.4,22/03/2027
1118,4,272,2027-01-22,5.0,606.82,15.0,2.69,22/01/2027
1119,57,276,2027-01-23,5.0,268.9,0.0,46.22,23/01/2027
1120,30,299,2027-02-23,6.0,434.93,20.0,33.09,23/02/2027
1121,46,172,2027-03-26,3.0,432.4,0.0,44.33,26/03/2027
1122,56,47,2027-01-26,1.0,568.26,10.0,35.86,26/01/2027
1123,31,114,2027-01-27,1.0,433.13,0.0,6.56,27/01/2027
1124,7,275,2027-01-28,6.0,500.18,0.0,47.03,28/01/2027
1125,77,207,2027-01-29,2.0,579.99,0.0,44.99,29/01/2027
1126,54,242,2027-01-30,4.0,518.24,0.0,17.4,30/01/2027
1127,8,196,2027-04-01,3.0,296.76,0.0,5.58,01/04/2027
1128,55,164,2027-04-02,7.0,475.89,0.0,35.21,02/04/2027
1129,69,176,2027-04-03,2.0,472.18,5.0,36.42,03/04/2027
1130,44,271,2027-02-03,0.0,40.27,0.0,44.84,03/02/2027
1131,13,110,2027-03-06,0.0,495.32,5.0,2.63,06/03/2027
1132,20,172,2027-03-07,1.0,557.35,0.0,7.09,07/03/2027
1133,78,202,2027-02-06,2.0,311.23,5.0,29.91,06/02/2027
1134,32,168,2027-03-09,7.0,453.22,15.0,30.96,09/03/2027
1135,60,102,2027-04-09,5.0,449.1,5.0,1.68,09/04/2027
1136,50,86,2027-02-09,3.0,214.48,15.0,19.85,09/02/2027
1137,27,142,2027-02-10,7.0,74.44,5.0,29.21,10/02/2027
1138,25,213,2027-02-11,2.0,502.27,0.0,36.9,11/02/2027
1139,52,51,2027-02-12,3.0,334.3,0.0,15.81,12/02/2027
1140,68,112,2027-02-13,1.0,533.71,0.0,24.2,13/02/2027
1141,21,271,2027-03-16,3.0,506.52,5.0,40.7,16/03/2027
1142,18,65,2027-02-15,3.0,95.74,0.0,47.69,15/02/2027
1143,39,183,2027-02-16,4.0,121.86,15.0,11.52,16/02/2027
1144,15,10,2027-02-17,3.0,661.11,5.0,12.65,17/02/2027
1145,53,234,2027-02-18,4.0,284.4,15.0,46.99,18/02/2027
1146,38,298,2027-02-19,2.0,188.58,0.0,19.8,19/02/2027
1147,48,244,2027-02-20,4.0,481.06,15.0,35.92,20/02/2027
1148,52,267,2027-02-21,6.0,34.69,0.0,30.61,21/02/2027
1149,72,118,2027-02-22,3.0,357.38,5.0,14.28,22/02/2027
1150,28,144,2027-02-23,4.0,427.4,0.0,32.68,23/02/2027
1151,16,201,2027-02-24,1.0,162.47,0.0,32.78,24/02/2027
1152,16,239,2027-04-26,6.0,314.98,20.0,29.62,26/04/2027
1153,35,246,2027-02-26,4.0,700.4,20.0,4.98,26/02/2027
1154,17,8,2027-03-29,100.0,481.56,10.0,49.76,29/03/2027
1155,73,152,2027-02-28,0.0,510.84,10.0,20.02,28/02/2027
1156,52,211,2027-03-01,100.0,169.18,0.0,31.91,01/03/2027
1157,12,158,2027-04-01,5.0,475.1,10.0,44.29,01/04/2027
1158,48,58,2027-03-03,3.0,173.35,0.0,21.16,03/03/2027
1159,22,86,2027-03-04,4.0,514.69,0.0,38.7,04/03/2027
1160,49,55,2027-03-05,4.0,494.7,5.0,48.59,05/03/2027
1161,52,201,2027-03-06,6.0,616.97,5.0,17.95,06/03/2027
1162,79,122,2027-03-07,2.0,333.76,0.0,20.26,07/03/2027
1163,1,108,2027-03-08,2.0,120.82,15.0,45.28,08/03/2027
1164,66,132,2027-03-09,5.0,277.38,20.0,7.98,09/03/2027
1165,64,198,2027-03-10,5.0,51.86,10.0,1.43,10/03/2027
1166,8,47,2027-03-11,4.0,461.83,5.0,45.44,11/03/2027
1167,25,228,2027-04-11,2.0,455.31,0.0,41.08,11/04/2027
1168,66,245,2027-02-11,1.0,394.45,0.0,48.63,11/02/2027
1169,73,203,2027-03-14,5.0,390.51,10.0,2.91,14/03/2027
1170,73,261,2027-05-14,6.0,194.4,0.0,7.81,14/05/2027
1171,77,178,2027-03-16,1.0,320.9,0.0,5.27,16/03/2027
1172,70,24,2027-03-17,6.0,575.99,5.0,34.17,17/03/2027
1173,79,175,2027-03-18,3.0,147.25,10.0,30.3,18/03/2027
1174,51,274,2027-04-18,4.0,186.73,0.0,17.97,18/04/2027
1175,53,261,2027-03-20,3.0,204.64,0.0,2.87,20/03/2027
1176,15,286,2027-03-21,3.0,174.24,5.0,31.98,21/03/2027
1177,50,1,2027-03-22,4.0,28.16,5.0,28.51,22/03/2027
1178,71,86,2027-05-22,1.0,419.33,10.0,5.65,22/05/2027
1179,75,69,2027-04-23,5.0,367.83,0.0,45.45,23/04/2027
1180,38,31,2027-04-24,2.0,516.02,5.0,9.95,24/04/2027
1181,40,198,2027-03-26,4.0,33.72,0.0,37.18,26/03/2027
1182,66,91,2027-03-27,5.0,102.96,0.0,44.25,27/03/2027
1183,39,16,2027-03-28,3.0,433.42,5.0,28.97,28/03/2027
1184,74,276,2027-03-29,3.0,590.53,10.0,12.34,29/03/2027
1185,17,162,2027-03-30,4.0,237.29,0.0,15.46,30/03/2027
1186,7,192,2027-03-31,2.0,536.7,0.0,44.29,31/03/2027
1187,39,151,2027-03-02,4.0,401.75,5.0,14.91,02/03/2027
1188,68,113,2027-05-02,0.0,287.43,0.0,37.31,02/05/2027
1189,35,273,2027-05-03,0.0,545.88,0.0,49.51,03/05/2027
1190,51,176,2027-03-05,4.0,105.16,5.0,49.99,05/03/2027
1191,47,149,2027-04-05,2.0,303.98,0.0,26.67,05/04/2027
1192,36,178,2027-04-06,2.0,97.73,0.0,41.33,06/04/2027
1193,64,223,2027-03-08,1.0,326.22,20.0,49.51,08/03/2027
1194,13,259,2027-04-08,2.0,117.57,10.0,18.73,08/04/2027
1195,18,273,2027-05-09,5.0,579.78,10.0,12.62,09/05/2027
1196,21,189,2027-04-10,2.0,164.69,5.0,5.71,10/04/2027
1197,65,90,2027-04-11,3.0,439.62,10.0,7.04,11/04/2027
1198,8,262,2027-04-12,0.0,425.05,0.0,42.68,12/04/2027
1199,48,156,2028-04-12,2.0,208.07,10.0,29.44,12/04/2028
1200,43,200,2027-05-14,3.0,90.09,0.0,43.69,14/05/2027
