id_venda,id_produto,id_cliente,data_venda,quantidade,preco_unitario,desconto_percent,frete
1,13,244,2024-01-01,1,576.07,0.0,28.53
2,35,181,2024-01-02,2,656.74,0.0,22.12
3,47,85,2024-02-02,5,447.75,15.0,27.82
4,28,155,2024-01-04,3,45.31,0.0,25.88
5,21,275,2024-01-05,1,98.89,10.0,42.94
6,18,23,2024-01-06,2,214.03,0.0,32.59
7,31,115,2024-02-06,1,242.01,0.0,9.44
8,60,299,2024-01-08,1,582.69,10.0,3.15
9,37,99,2024-03-09,0,226.42,15.0,21.22
10,21,104,2023-12-11,4,409.48,5.0,0.78
11,14,51,2024-01-11,3,197.06,0.0,15.91
12,60,112,2024-01-12,1,504.72,5.0,18.4
13,23,244,2024-01-13,3,320.0,5.0,18.78
14,29,169,2024-01-14,2,513.49,5.0,48.97
15,47,72,2024-01-15,3,322.96,10.0,15.2
16,30,139,2025-01-15,6,545.08,0.0,13.26
17,38,231,2024-01-17,2,269.85,5.0,6.47
18,27,239,2024-01-18,4,346.54,5.0,25.55
19,15,253,2024-01-19,2,357.67,0.0,7.68
20,59,49,2024-02-19,4,670.53,10.0,30.81
21,3,72,2024-01-21,4,224.16,0.0,7.76
22,10,263,2024-01-22,3,623.16,0.0,28.83
23,79,222,2025-01-22,1,142.56,,41.31
24,80,77,2024-02-23,5,440.12,0.0,2.13
25,17,62,2024-01-25,4,181.88,0.0,20.99
26,11,157,2024-01-26,4,172.43,5.0,23.05
27,48,294,2024-02-26,2,454.0,,39.55
28,5,125,2024-01-28,5,203.53,,23.4
29,69,229,2024-01-29,1,283.39,5.0,28.38
30,64,161,2024-01-30,3,339.04,0.0,39.56
31,14,29,2024-01-31,2,21.8,,27.99
32,50,114,2024-04-01,2,55.44,5.0,17.91
33,26,79,2025-02-01,1,471.59,0.0,4.29
34,72,23,2024-02-03,3,535.43,15.0,36.5
35,69,106,2024-02-04,3,545.42,0.0,43.56
36,7,131,2024-02-05,3,432.21,0.0,48.5
37,16,173,2024-02-06,3,345.78,15.0,46.33
38,55,264,2024-04-07,0,490.4,5.0,39.87
39,78,285,2024-02-08,6,69.07,0.0,32.17
40,999,2,2024-02-09,2,527.01,0.0,39.07
41,4,233,2024-02-10,3,333.98,5.0,21.6
42,48,251,2024-02-11,4,581.34,0.0,29.74
43,17,108,2024-02-12,2,537.99,0.0,17.43
44,36,276,2024-03-14,4,219.37,10.0,16.34
45,70,180,2024-02-14,2,502.32,20.0,37.83
46,80,213,2024-03-16,5,509.97,5.0,22.7
47,38,293,2024-02-16,4,49.74,15.0,10.61
48,62,72,2024-02-17,2,408.08,15.0,10.1
49,48,283,2024-02-18,4,518.49,10.0,42.96
50,10,175,2024-04-19,5,305.34,0.0,33.89
51,36,123,2025-02-19,2,588.73,20.0,27.3
52,29,227,2024-02-21,0,129.94,5.0,20.05
53,78,83,2024-02-22,4,580.08,0.0,21.54
54,4,253,2025-02-22,1,413.22,0.0,2.87
55,44,146,2024-02-24,3,200.66,15.0,22.75
56,56,120,2024-02-25,4,587.72,0.0,39.77
57,42,65,2025-02-25,1,300.48,0.0,19.4
58,13,281,2024-02-27,3,40.22,10.0,19.18
59,46,283,2024-02-28,2,39.07,20.0,0.79
60,33,106,2024-02-29,2,272.79,10.0,22.89
61,21,300,2024-03-01,3,209.0,0.0,1.27
62,80,107,2024-03-02,1,298.78,0.0,28.52
63,79,36,2024-04-02,5,49.66,10.0,25.34
64,57,147,2024-03-04,7,511.85,0.0,42.0
65,69,262,2024-03-05,1,531.54,10.0,29.09
66,70,159,2024-03-06,1,474.48,0.0,16.17
67,67,265,2024-03-07,0,517.04,,25.81
68,48,202,2024-02-07,3,344.45,5.0,34.99
69,76,155,2024-03-09,3,408.02,0.0,4.7
70,33,13,2024-03-10,6,187.43,20.0,31.05
71,36,297,2024-05-10,3,315.41,0.0,45.83
72,33,85,2024-03-12,4,713.99,0.0,14.96
73,31,280,2024-03-13,3,553.14,15.0,31.33
74,21,245,2024-03-14,3,507.3,0.0,41.07
75,27,300,2024-03-15,3,539.15,5.0,25.59
76,72,9,2024-03-16,1,68.53,0.0,35.9
77,62,247,2024-03-17,1,394.42,0.0,15.55
78,26,278,2024-04-17,5,518.05,0.0,15.3
79,66,238,2024-03-19,3,110.01,10.0,33.38
80,12,203,2024-03-20,3,207.56,10.0,35.27
81,22,247,2024-03-21,2,440.29,0.0,46.85
82,17,235,2024-03-22,0,449.21,0.0,11.24
83,7,81,2024-05-22,4,214.27,,23.41
84,68,13,2024-03-24,4,245.16,,12.53
85,37,16,2024-03-25,3,503.27,5.0,4.0
86,38,45,2024-04-25,4,608.19,15.0,20.16
87,11,139,2024-03-27,2,244.7,10.0,18.7
88,1,148,2024-03-28,4,122.54,0.0,13.52
89,25,236,2024-03-29,2,263.15,0.0,14.85
90,42,191,2024-03-30,1,506.13,0.0,18.02
91,52,101,2024-04-30,3,166.46,15.0,49.44
92,24,105,2024-04-01,5,248.3,10.0,39.15
93,53,250,2024-04-02,4,434.89,10.0,3.57
94,56,94,2024-04-03,2,252.91,0.0,43.62
95,63,220,2024-05-04,5,75.55,10.0,31.67
96,8,298,2024-04-05,4,141.73,15.0,44.53
97,59,133,2024-06-05,6,117.55,20.0,17.09
98,45,155,2024-04-07,1,394.62,0.0,23.23
99,27,28,2024-06-07,-5,33.65,10.0,44.81
100,52,282,2024-03-10,8,60.18,0.0,13.63
101,18,116,2024-06-09,1,164.65,10.0,45.78
102,16,234,2024-06-10,5,228.53,10.0,41.42
103,66,1,2024-04-12,3,443.43,0.0,49.03
104,5,240,2024-04-13,4,59.58,15.0,16.21
105,3,58,2024-04-14,-5,341.76,0.0,11.79
106,80,183,2024-04-15,1,13.76,15.0,16.54
107,70,26,2024-04-16,1,180.69,0.0,47.73
108,7,77,2024-04-17,3,332.2,10.0,16.65
109,50,217,2024-04-18,1,687.76,,28.26
110,14,262,2024-04-19,-5,117.17,0.0,20.18
111,38,23,2024-06-19,0,182.65,5.0,19.81
112,79,244,2024-04-21,3,282.73,5.0,9.67
113,47,158,2024-05-22,5,528.02,0.0,26.85
114,33,206,2024-06-22,2,488.78,5.0,42.47
115,43,87,2024-03-25,3,460.14,10.0,2.47
116,29,267,2024-04-25,3,324.36,,44.46
117,57,134,2024-06-25,1,199.28,20.0,33.27
118,5,267,2024-03-28,3,180.0,5.0,30.84
119,60,268,2025-04-28,4,569.85,10.0,31.3
120,70,53,2024-04-29,2,353.47,15.0,14.81
121,2,99,2024-04-30,0,257.45,5.0,20.76
122,70,247,2024-05-01,5,185.4,0.0,39.96
123,43,36,2024-05-02,0,407.98,5.0,15.32
124,4,28,2024-05-03,3,216.18,15.0,23.5
125,56,220,2024-06-03,3,183.63,5.0,0.98
126,59,102,2024-07-04,3,291.0,10.0,36.68
127,9,263,2024-05-06,4,21.78,0.0,20.89
128,3,271,2024-07-06,3,163.01,,26.27
129,48,224,2024-05-08,4,49.7,5.0,5.73
130,43,139,2024-06-08,2,581.64,10.0,49.59
131,1,280,2025-05-10,2,11.37,0.0,15.12
132,57,286,2024-05-11,2,264.99,0.0,31.75
133,53,250,2024-05-12,3,169.59,15.0,29.06
134,16,78,2024-07-12,4,194.56,,39.25
135,51,297,2024-05-14,5,161.8,0.0,14.69
136,75,13,2024-05-15,6,642.94,0.0,37.8
137,55,82,2024-07-15,2,485.76,0.0,19.13
138,1,9,2024-05-17,2,32.27,0.0,20.56
139,28,213,2024-06-17,2,234.61,0.0,33.64
140,53,48,2024-05-19,5,397.96,15.0,39.21
141,58,49,2024-07-19,6,594.69,,33.34
142,73,40,2024-05-21,5,747.92,0.0,44.99
143,60,280,2024-04-22,0,122.08,5.0,14.26
144,59,226,2024-06-22,0,335.39,0.0,45.03
145,22,108,2024-05-24,2,396.32,0.0,6.54
146,8,245,2024-05-25,0,430.53,0.0,32.98
147,49,255,2024-04-26,5,78.43,5.0,27.38
148,42,33,2024-05-27,4,118.06,0.0,24.73
149,27,23,2024-05-28,4,195.65,5.0,15.55
150,39,54,2024-05-29,0,14.28,0.0,25.19
151,25,49,2024-05-30,3,86.05,0.0,8.09
152,38,78,2024-06-30,3,351.27,0.0,18.47
153,24,122,2024-06-01,4,333.14,20.0,4.93
154,24,90,2024-06-02,1,433.12,10.0,28.59
155,60,193,2024-06-03,1,282.83,20.0,4.79
156,50,244,2024-06-04,4,276.38,0.0,8.02
157,66,149,2024-06-05,3,366.11,0.0,4.27
158,14,146,2024-06-06,6,422.26,0.0,19.07
159,53,141,2025-06-07,2,541.49,0.0,42.1
160,32,286,2024-06-08,2,686.29,10.0,45.34
161,48,111,2024-06-09,3,528.99,0.0,3.59
162,39,108,2024-08-09,5,316.85,0.0,31.73
163,40,281,2024-06-11,5,37.75,5.0,34.22
164,42,50,2024-08-11,3,458.67,5.0,26.69
165,77,14,2024-06-13,4,288.71,,33.35
166,76,134,2024-06-14,6,213.28,0.0,11.68
167,8,76,2024-06-15,1,149.63,10.0,24.48
168,79,84,2024-06-16,4,548.34,0.0,19.54
169,26,158,2024-07-17,2,315.09,,4.49
170,12,286,2024-06-18,1,445.71,5.0,31.28
171,43,94,2024-06-19,6,417.2,10.0,24.76
172,51,297,2024-06-20,4,562.76,0.0,13.76
173,63,94,2024-06-21,2,298.54,10.0,23.68
174,49,57,2024-07-22,3,361.95,0.0,38.76
175,27,164,2024-06-23,7,459.14,5.0,40.08
176,9,98,2024-06-24,2,646.43,20.0,32.48
177,39,16,2024-06-25,2,251.04,,23.39
178,65,78,2024-06-26,3,206.88,5.0,28.79
179,71,72,2024-08-26,0,654.84,15.0,19.25
180,71,270,2024-06-28,4,290.56,0.0,6.33
181,7,287,2024-07-29,6,247.36,15.0,19.28
182,999,66,2024-06-30,4,87.9,10.0,26.52
183,80,68,2024-07-01,1,316.76,5.0,29.94
184,67,193,2024-06-02,3,278.92,20.0,46.79
185,10,55,2024-07-03,1,92.24,15.0,38.87
186,71,168,2024-07-04,2,524.16,0.0,7.6
187,53,25,2024-08-04,2,533.04,15.0,8.71
188,57,131,2024-07-06,200,590.35,0.0,5.02
189,27,102,2024-09-05,4,160.87,15.0,36.91
190,54,282,2024-07-08,7,283.93,10.0,35.31
191,4,296,2025-07-09,1,499.07,0.0,49.32
192,23,294,2024-08-09,5,496.43,10.0,26.1
193,48,263,2024-07-11,4,557.5,5.0,41.32
194,42,120,2025-07-12,4,316.17,5.0,28.82
195,3,231,2024-07-13,5,483.61,0.0,43.7
196,3,291,2024-06-14,4,344.84,0.0,36.05
197,28,161,2024-07-15,5,492.84,15.0,32.14
198,63,161,2024-07-16,5,604.42,0.0,28.26
199,31,78,2024-07-17,3,64.28,5.0,36.15
200,10,38,2024-07-18,6,60.83,10.0,20.98
201,49,28,2024-07-19,6,411.92,0.0,4.83
202,21,100,2024-09-18,4,292.42,5.0,2.0
203,53,294,2024-09-19,5,581.98,5.0,23.95
204,76,124,2024-06-22,3,566.9,10.0,29.96
205,54,92,2024-07-23,0,354.96,0.0,3.94
206,57,255,2024-07-24,0,319.56,5.0,14.35
207,20,97,2024-07-25,7,465.52,0.0,16.1
208,49,6,2024-07-26,3,554.19,15.0,28.14
209,7,169,2024-07-27,8,104.34,0.0,13.92
210,29,271,2024-07-28,2,121.18,,4.78
211,48,108,2024-08-28,4,683.63,10.0,8.24
212,13,299,2024-07-30,3,21.59,20.0,8.7
213,3,47,2024-07-31,5,499.46,5.0,42.13
214,2,99,2024-08-01,2,42.28,0.0,14.22
215,16,14,2024-08-02,0,315.28,,35.73
216,6,194,2024-08-03,1,210.06,0.0,28.39
217,45,157,2024-07-05,4,614.37,0.0,48.85
218,71,154,2024-08-05,5,397.61,0.0,13.64
219,5,115,2024-08-06,4,195.18,,7.92
220,56,258,2024-08-07,3,722.64,10.0,2.6
221,71,145,2024-10-07,4,484.63,5.0,12.05
222,32,291,2024-07-10,7,517.3,10.0,34.2
223,49,10,2024-09-09,2,233.11,5.0,4.26
224,13,214,2024-08-11,1,49.73,15.0,12.24
225,30,233,2024-08-12,4,289.83,0.0,42.77
226,25,171,2024-08-13,2,515.8,15.0,29.15
227,60,21,2024-07-15,5,76.52,0.0,3.48
228,59,15,2024-09-14,0,22.26,0.0,2.38
229,28,126,2024-08-16,4,422.05,5.0,3.06
230,58,213,2024-09-16,1,573.34,5.0,47.09
231,20,188,2024-09-17,3,371.03,10.0,42.49
232,34,172,2024-08-19,0,82.44,0.0,42.25
233,5,247,2024-07-21,2,380.52,0.0,46.21
234,60,5,2025-08-21,2,631.12,5.0,25.26
235,43,231,2024-08-22,6,628.14,5.0,12.37
236,57,201,2024-08-23,1,258.06,0.0,20.07
237,57,149,2024-08-24,3,310.66,5.0,35.94
238,75,72,2024-08-25,3,431.46,0.0,43.8
239,54,226,2024-08-26,2,610.42,0.0,21.75
240,45,74,2024-08-27,2,264.27,0.0,26.77
241,37,169,2024-07-29,5,543.3,,46.59
242,48,249,2024-08-29,5,187.41,10.0,5.37
243,54,280,2024-08-30,1,379.99,0.0,43.11
244,48,152,2024-08-31,2,182.97,10.0,7.97
245,6,224,2024-09-01,2,305.92,15.0,24.19
246,34,225,2024-10-02,0,102.1,5.0,10.92
247,63,38,2024-09-03,1,465.96,15.0,30.15
248,78,44,2024-09-04,2,10.49,0.0,27.93
249,48,185,2024-09-05,3,653.17,15.0,19.0
250,23,241,2024-10-06,3,79.05,5.0,43.17
251,13,210,2024-10-07,2,518.35,0.0,32.99
252,47,23,2024-09-08,3,385.65,5.0,36.06
253,44,124,2024-09-09,2,153.77,,7.53
254,32,86,2024-09-10,4,508.6,15.0,44.16
255,26,43,2024-09-11,2,138.96,5.0,8.35
256,53,40,2024-09-12,7,383.49,0.0,11.14
257,14,169,2024-09-13,3,110.29,5.0,6.4
258,52,175,2024-09-14,5,67.3,0.0,22.02
259,36,20,2024-09-15,1,577.05,0.0,44.39
260,8,109,2024-11-15,0,150.73,5.0,12.62
261,40,193,2024-09-17,2,98.57,20.0,18.69
262,22,244,2024-09-18,5,515.43,10.0,42.3
263,16,280,2024-09-19,1,247.86,0.0,30.89
264,60,228,2024-09-20,1,88.75,5.0,37.58
265,60,36,2024-11-20,200,478.85,,10.7
266,10,45,2024-09-22,3,381.08,10.0,35.82
267,25,28,2024-09-23,4,13.62,10.0,11.38
268,31,154,2024-10-24,2,556.76,,49.37
269,21,23,2024-09-25,4,399.12,15.0,27.99
270,33,207,2024-09-26,2,497.35,0.0,34.78
271,31,91,2024-11-26,6,146.06,0.0,5.92
272,21,38,2024-09-28,3,413.38,,12.53
273,36,228,2024-09-29,3,141.08,5.0,6.99
274,65,202,2024-08-31,5,117.26,0.0,19.51
275,4,254,2024-10-01,4,296.72,5.0,14.21
276,68,38,2024-10-02,1,455.81,10.0,36.65
277,4,221,2024-10-03,100,96.78,,5.44
278,9,187,2025-10-04,3,184.01,0.0,37.6
279,30,43,2024-10-05,5,107.06,5.0,2.29
280,45,114,2024-10-06,4,177.49,20.0,10.1
281,4,260,2024-10-07,4,446.83,0.0,39.6
282,69,5,2024-10-08,6,560.37,0.0,37.14
283,23,68,2024-10-09,4,393.47,,23.82
284,16,228,2024-10-10,1,211.44,5.0,2.5
285,22,123,2024-10-11,1,21.05,5.0,30.49
286,72,173,2024-10-12,1,410.13,10.0,20.34
287,48,153,2024-10-13,2,127.79,0.0,15.83
288,62,267,2024-10-14,3,393.83,,32.02
289,60,157,2024-10-15,3,468.91,0.0,21.83
290,80,162,2024-10-16,3,19.4,0.0,4.62
291,5,214,2024-11-16,3,208.22,0.0,45.8
292,80,26,2024-10-18,4,102.39,0.0,38.92
293,7,292,2024-10-19,3,339.76,15.0,2.82
294,51,189,2024-10-20,6,336.28,15.0,26.25
295,65,122,2024-12-20,2,191.51,,4.17
296,9,230,2024-11-21,3,62.8,5.0,41.86
297,45,59,2024-10-23,3,236.62,10.0,30.65
298,47,96,2024-10-24,2,214.38,5.0,8.62
299,67,262,2025-10-25,0,527.65,15.0,1.04
300,24,136,2024-10-26,2,115.25,10.0,1.58
301,10,283,2024-10-27,8,396.1,0.0,25.37
302,73,120,2024-10-28,4,133.5,0.0,36.72
303,77,25,2024-10-29,3,103.75,0.0,6.04
304,48,146,2024-09-30,4,370.64,5.0,11.06
305,35,12,2024-11-30,3,46.97,,16.36
306,54,87,2024-11-01,5,418.79,0.0,10.9
307,71,109,2024-11-02,2,121.9,0.0,19.57
308,16,266,2024-10-04,3,588.81,0.0,27.98
309,53,222,2025-01-03,5,379.32,15.0,34.25
310,40,74,2024-11-05,3,8.57,0.0,48.19
311,20,102,2025-11-06,3,643.52,0.0,46.54
312,69,137,2024-10-08,2,319.67,0.0,28.51
313,45,191,2024-12-08,2,673.48,10.0,36.71
314,6,142,2024-11-09,2,592.55,5.0,47.54
315,69,73,2024-11-10,100,126.52,10.0,4.17
316,49,167,2025-01-10,3,148.0,0.0,0.28
317,39,168,2024-11-12,-5,318.07,5.0,1.49
318,2,54,2025-01-12,7,285.69,0.0,28.17
319,39,259,2024-11-14,8,222.39,0.0,38.14
320,21,111,2024-11-15,6,590.21,5.0,18.35
321,40,232,2024-11-16,3,716.47,0.0,27.26
322,54,161,2024-11-17,4,343.1,10.0,25.82
323,12,19,2024-10-19,1,596.95,0.0,4.74
324,37,290,2025-01-18,2,623.54,0.0,16.08
325,38,50,2025-01-19,2,575.62,20.0,0.97
326,15,175,2024-11-21,4,184.24,5.0,5.54
327,7,184,2024-11-22,5,174.73,10.0,40.59
328,78,185,2024-11-23,0,404.72,15.0,41.47
329,50,81,2024-11-24,1,494.41,5.0,40.1
330,65,156,2024-11-25,4,302.69,15.0,36.34
331,67,275,2024-11-26,0,58.41,5.0,39.67
332,44,283,2024-11-27,5,412.33,0.0,33.55
333,31,249,2024-11-28,-2,431.52,0.0,33.49
334,43,147,2024-10-30,0,626.36,5.0,33.37
335,77,7,2025-01-29,4,696.41,0.0,25.7
336,48,157,2024-12-01,2,674.11,0.0,18.17
337,61,171,2024-12-02,3,406.76,0.0,36.51
338,75,69,2025-01-02,2,165.31,0.0,14.93
339,10,94,2024-12-04,4,395.35,0.0,27.15
340,29,186,2025-02-03,4,643.09,0.0,21.67
341,48,170,2025-02-04,2,267.55,0.0,13.83
342,62,204,2024-12-07,7,588.18,0.0,48.73
343,13,42,2024-12-08,4,472.75,5.0,12.94
344,44,13,2024-12-09,4,411.28,0.0,15.46
345,47,154,2024-12-10,5,586.06,20.0,8.08
346,64,274,2024-12-11,7,115.45,15.0,41.15
347,53,298,2025-02-10,2,370.35,5.0,29.33
348,77,51,2024-12-13,7,499.96,10.0,30.65
349,76,212,2024-12-14,4,227.22,0.0,41.03
350,44,144,2025-12-15,9,530.71,0.0,17.15
351,28,3,2025-01-15,3,230.04,,9.68
352,2,254,2024-12-17,4,490.5,0.0,9.92
353,57,256,2024-12-18,1,659.58,,36.63
354,57,98,2024-12-19,0,439.19,5.0,30.71
355,34,173,2024-12-20,0,269.3,0.0,10.32
356,58,150,2024-12-21,100,175.21,5.0,7.25
357,52,279,2024-12-22,1,485.57,5.0,6.03
358,29,59,2024-11-23,4,299.33,0.0,31.39
359,35,113,2024-12-24,3,27.26,0.0,0.01
360,75,243,2025-02-23,4,593.32,10.0,0.92
361,48,57,2024-11-26,4,217.12,5.0,19.48
362,33,60,2024-12-27,7,245.22,0.0,34.57
363,75,216,2025-02-26,3,557.38,0.0,34.75
364,73,233,2024-12-29,2,277.55,20.0,21.51
365,78,55,2025-12-30,4,632.11,5.0,34.55
366,9,208,2024-12-31,0,75.9,5.0,26.05
367,48,63,2025-01-01,3,364.58,,48.85
368,67,184,2025-01-02,1,321.79,0.0,8.12
369,36,281,2025-03-04,2,447.06,5.0,30.03
370,71,26,2025-02-03,8,160.01,15.0,24.56
371,44,177,2025-01-05,2,457.53,15.0,9.72
372,60,63,2025-03-07,1,393.36,0.0,37.5
373,63,73,2025-01-07,3,188.39,0.0,13.78
374,5,167,2025-01-08,6,249.76,10.0,19.09
375,76,225,2025-01-09,2,196.48,0.0,18.74
376,40,65,2025-01-10,5,76.34,,12.21
377,19,69,2025-01-11,1,432.85,0.0,21.54
378,47,9,2026-01-12,4,192.93,0.0,23.67
379,65,236,2025-01-13,3,170.53,0.0,37.21
380,67,198,2025-01-14,200,333.46,10.0,38.25
381,18,173,2025-01-15,2,460.01,20.0,7.93
382,50,282,2025-03-17,3,495.33,10.0,29.64
383,30,28,2024-12-18,0,459.07,,44.81
384,66,296,2025-01-18,1,231.29,0.0,5.44
385,5,134,2025-03-20,2,555.05,0.0,23.65
386,42,27,2025-01-20,3,332.39,15.0,37.52
387,5,38,2025-03-22,4,41.3,20.0,30.57
388,50,196,2025-01-22,2,725.65,15.0,5.03
389,58,203,2026-01-23,4,507.59,15.0,19.83
390,79,85,2025-01-24,3,166.58,0.0,25.36
391,8,30,2025-01-25,4,182.31,0.0,49.79
392,31,99,2025-02-25,3,483.06,,8.93
393,12,190,2025-01-27,4,657.3,0.0,49.12
394,21,12,2025-01-28,0,598.08,0.0,18.81
395,62,91,2025-01-29,4,627.29,10.0,10.02
396,33,30,2025-01-30,5,184.72,0.0,20.71
397,26,213,2025-01-31,2,638.64,15.0,30.7
398,40,38,2025-02-01,7,266.72,0.0,10.67
399,65,60,2025-02-02,6,359.69,15.0,14.57
400,59,294,2025-02-03,2,688.15,10.0,42.73
401,15,143,2025-04-05,6,135.41,5.0,49.95
402,1,180,2025-02-05,5,70.53,5.0,15.91
403,11,285,2025-02-06,4,242.79,0.0,7.44
404,55,112,2025-02-07,3,219.57,5.0,39.66
405,2,230,2025-02-08,3,235.91,5.0,30.02
406,65,21,2025-04-10,2,324.37,5.0,5.02
407,44,145,2025-02-10,2,386.94,0.0,47.34
408,16,146,2025-02-11,7,609.94,0.0,3.9
409,22,166,2025-03-14,7,263.43,0.0,31.27
410,18,140,2025-03-15,4,90.92,10.0,21.2
411,47,203,2025-02-14,3,666.68,0.0,27.83
412,30,244,2025-03-17,3,34.66,20.0,10.66
413,10,113,2026-02-16,6,154.8,10.0,34.41
414,58,201,2025-02-17,5,369.52,15.0,47.99
415,62,259,2025-03-20,2,335.77,15.0,22.92
416,80,255,2025-03-21,3,432.8,0.0,26.15
417,6,23,2025-02-20,6,591.87,15.0,11.99
418,67,246,2025-02-21,1,579.08,5.0,44.59
419,41,87,2025-02-22,2,113.24,20.0,48.56
420,43,219,2025-04-24,1,420.89,20.0,39.31
421,77,27,2025-01-25,3,591.95,0.0,27.14
422,18,290,2025-02-25,4,514.31,0.0,47.84
423,58,289,2025-02-26,5,221.31,5.0,7.69
424,60,223,2025-02-27,3,28.6,10.0,23.92
425,27,178,2025-02-28,2,530.12,0.0,26.88
426,68,148,2025-03-01,5,448.77,0.0,24.6
427,22,227,2025-03-02,1,245.09,0.0,40.12
428,24,186,2025-05-02,3,321.85,5.0,33.52
429,40,294,2025-03-04,2,611.95,,6.33
430,74,41,2025-05-04,2,180.21,15.0,17.32
431,66,191,2025-03-06,1,543.7,5.0,16.95
432,40,79,2025-03-07,1,385.98,0.0,28.28
433,6,205,2025-03-08,6,482.33,0.0,14.57
434,18,278,2025-03-09,3,163.23,5.0,5.86
435,30,272,2026-03-10,1,433.35,15.0,32.68
436,21,32,2025-03-11,6,400.34,0.0,42.55
437,62,142,2025-05-11,3,109.05,5.0,46.58
438,10,251,2025-03-13,4,337.49,20.0,48.63
439,13,294,2025-05-13,0,335.97,,39.06
440,76,98,2025-03-15,1,541.78,0.0,6.99
441,9,136,2025-05-15,3,407.07,0.0,42.66
442,68,277,2025-04-16,4,28.61,0.0,20.0
443,39,43,2025-03-18,2,494.91,10.0,36.5
444,24,120,2025-03-19,1,191.2,,26.56
445,34,220,2025-05-19,2,268.14,0.0,41.43
446,61,46,2025-02-19,7,62.19,0.0,21.28
447,41,236,2025-03-22,3,268.29,20.0,3.09
448,5,48,2025-04-22,1,328.81,10.0,27.84
449,79,198,2026-03-24,2,105.52,,8.56
450,50,84,2025-05-24,1,102.18,0.0,48.28
451,4,31,2025-02-24,4,40.5,5.0,26.35
452,51,161,2025-04-26,3,106.17,0.0,27.68
453,52,71,2025-03-28,3,420.33,0.0,45.36
454,39,8,2025-03-29,3,40.75,5.0,31.23
455,8,52,2025-03-30,3,456.5,0.0,15.14
456,45,45,2025-04-30,4,473.68,0.0,14.8
457,28,293,2025-05-01,200,601.95,20.0,25.08
458,27,300,2025-04-02,2,252.38,0.0,43.33
459,65,38,2025-06-02,3,371.22,10.0,39.74
460,34,231,2025-05-04,5,485.96,0.0,48.14
461,62,262,2025-04-05,3,117.03,15.0,3.59
462,62,68,2025-04-06,5,101.08,0.0,13.42
463,38,179,2025-04-07,5,619.12,15.0,4.01
464,26,186,2025-04-08,3,251.85,0.0,37.55
465,24,201,2025-04-09,2,17.33,5.0,7.04
466,39,13,2025-04-10,2,87.78,10.0,4.99
467,21,214,2025-04-11,2,594.81,0.0,28.08
468,47,220,2025-04-12,3,347.55,0.0,20.57
469,48,286,2025-04-13,1,499.54,20.0,35.76
470,13,244,2025-04-14,3,401.53,20.0,24.35
471,3,258,2025-05-15,1,13.81,0.0,21.27
472,32,58,2025-04-16,0,214.32,0.0,21.28
473,35,36,2026-04-17,5,647.99,0.0,43.59
474,19,193,2025-03-19,2,376.83,0.0,19.76
475,14,50,2025-04-19,3,572.23,,16.67
476,48,32,2025-04-20,3,222.41,5.0,16.93
477,68,98,2025-04-21,6,523.95,5.0,9.83
478,45,43,2025-04-22,4,550.97,,43.03
479,19,47,2025-04-23,5,508.45,5.0,7.33
480,64,270,2025-04-24,3,479.44,10.0,45.43
481,66,63,2025-04-25,2,631.38,0.0,14.17
482,79,19,2025-04-26,3,200.2,0.0,44.97
483,66,101,2025-04-27,5,178.93,5.0,39.54
484,75,37,2025-04-28,1,292.23,0.0,29.1
485,45,107,2025-04-29,2,346.52,0.0,33.47
486,74,92,2025-04-30,4,239.91,0.0,16.29
487,67,185,2025-05-01,2,640.6,0.0,28.71
488,69,216,2025-04-02,3,552.06,5.0,14.62
489,3,28,2025-05-03,5,112.09,5.0,20.11
490,38,36,2025-05-04,3,200.9,0.0,38.23
491,77,18,2025-05-05,1,196.47,0.0,12.2
492,42,196,2025-05-06,3,314.23,10.0,41.94
493,40,78,2025-04-07,1,203.64,0.0,18.79
494,50,167,2025-06-07,2,594.01,5.0,26.61
495,35,90,2025-05-09,2,367.63,15.0,47.1
496,24,264,2025-06-09,1,156.25,0.0,34.06
497,17,208,2025-04-11,1,399.98,15.0,32.28
498,40,212,2026-05-12,2,289.41,15.0,35.58
499,74,271,2025-06-12,7,398.7,0.0,45.91
500,66,263,2025-06-13,3,370.46,0.0,12.43
501,44,273,2025-05-15,3,470.11,,30.66
502,23,214,2025-05-16,3,378.11,0.0,20.02
503,6,64,2025-05-17,4,404.57,15.0,0.59
504,66,12,2025-05-18,1,545.93,5.0,6.27
505,21,210,2025-05-19,4,278.1,0.0,16.25
506,35,174,2025-05-20,2,236.46,0.0,28.25
507,29,256,2025-05-21,2,454.35,5.0,44.07
508,7,101,2025-06-21,0,363.67,5.0,39.56
509,53,16,2026-05-23,1,157.49,10.0,27.67
510,37,197,2025-05-24,2,541.25,,3.69
511,23,258,2025-05-25,2,249.1,15.0,14.3
512,8,244,2025-07-25,5,422.29,0.0,18.34
513,76,249,2025-05-27,4,491.04,20.0,31.09
514,48,105,2025-07-27,2,170.83,15.0,3.25
515,10,182,2025-05-29,2,31.49,,26.51
516,79,155,2025-05-30,3,86.37,5.0,45.07
517,24,287,2025-05-01,5,184.77,15.0,35.27
518,47,169,2025-06-01,1,298.44,5.0,39.85
519,53,47,2025-06-02,2,363.33,0.0,34.08
520,39,43,2025-08-02,-5,482.92,,10.33
521,67,221,2025-06-04,0,252.49,0.0,5.52
522,66,1,2025-06-05,-2,16.21,0.0,41.47
523,6,200,2025-05-07,5,255.13,20.0,34.78
524,21,144,2025-06-07,2,121.55,0.0,28.75
525,73,28,2025-08-07,3,600.16,20.0,9.46
526,74,278,2025-06-09,2,425.79,10.0,30.17
527,36,41,2025-06-10,0,462.84,0.0,1.57
528,3,147,2025-06-11,7,445.24,5.0,5.94
529,78,178,2025-06-12,5,16.12,15.0,15.59
530,42,167,2026-06-13,0,145.65,5.0,22.19
531,45,123,2026-06-14,3,295.0,,6.03
532,44,74,2025-06-15,8,67.13,20.0,6.0
533,33,239,2025-07-16,4,368.9,0.0,36.29
534,60,249,2025-06-17,3,460.39,0.0,28.49
535,70,263,2025-06-18,2,611.15,,26.69
536,77,252,2025-06-19,4,411.54,5.0,22.62
537,26,111,2025-06-20,5,159.61,0.0,48.83
538,21,180,2025-06-21,3,459.54,15.0,2.49
539,2,188,2025-07-22,0,670.05,20.0,9.03
540,47,207,2025-06-23,0,256.48,10.0,32.38
541,30,234,2025-06-24,4,254.5,5.0,6.82
542,27,24,2025-06-25,5,550.12,10.0,29.47
543,71,26,2025-06-26,2,270.44,10.0,28.39
544,20,218,2025-07-27,3,192.56,20.0,48.55
545,50,10,2025-06-28,100,230.69,,44.17
546,23,17,2025-06-29,-2,552.28,5.0,47.28
547,13,245,2025-06-30,5,467.86,15.0,5.68
548,4,206,2025-07-01,2,458.8,,43.41
549,14,258,2025-07-02,4,493.13,0.0,6.45
550,20,112,2025-07-03,5,324.49,0.0,31.65
551,13,205,2025-08-03,2,74.56,20.0,36.0
552,3,27,2025-09-03,2,542.03,0.0,8.04
553,78,71,2025-07-06,6,197.85,0.0,31.63
554,47,176,2025-07-07,0,363.9,0.0,2.62
555,3,202,2025-07-08,3,359.76,0.0,14.66
556,1,248,2025-07-09,3,72.35,0.0,46.06
557,24,118,2025-07-10,4,246.68,0.0,8.59
558,35,9,2025-07-11,10,30.02,,3.26
559,14,86,2025-07-12,5,75.68,10.0,22.18
560,67,23,2025-07-13,100,726.49,10.0,42.53
561,13,240,2025-07-14,3,38.33,0.0,3.83
562,47,73,2025-07-15,1,385.54,10.0,17.78
563,50,27,2025-07-16,2,112.3,10.0,44.99
564,78,81,2025-07-17,4,725.27,10.0,5.91
565,26,84,2025-07-18,4,540.61,0.0,15.53
566,3,199,2025-09-17,2,205.83,5.0,38.92
567,51,43,2025-07-20,1,60.73,15.0,27.16
568,40,263,2025-06-21,2,562.85,10.0,41.62
569,68,92,2025-07-22,2,664.01,10.0,5.58
570,36,84,2025-09-21,1,598.66,5.0,46.03
571,51,300,2025-07-24,3,510.93,5.0,46.75
572,1,296,2025-08-24,1,200.5,15.0,7.77
573,33,135,2025-08-25,1,517.51,0.0,1.69
574,7,281,2025-07-27,4,24.68,10.0,49.49
575,52,59,2025-07-28,4,448.26,,24.11
576,11,241,2025-07-29,3,136.99,15.0,28.6
577,27,98,2025-07-30,2,147.65,0.0,30.8
578,14,62,2025-07-31,4,33.37,0.0,39.48
579,80,264,2025-08-01,4,226.63,10.0,40.6
580,46,113,2025-08-02,5,17.03,20.0,9.7
581,76,146,2025-08-03,4,542.97,5.0,11.83
582,10,216,2025-09-03,1,483.57,5.0,43.84
583,24,256,2025-08-05,2,204.72,0.0,40.98
584,61,258,2025-07-07,1,236.76,10.0,30.88
585,18,194,2025-08-07,1,207.79,10.0,49.73
586,9,14,2025-08-08,4,100.09,,36.76
587,17,103,2025-08-09,2,614.06,0.0,10.79
588,58,245,2025-08-10,2,418.8,15.0,42.33
589,13,245,2025-10-10,3,379.88,5.0,20.74
590,50,268,2025-08-12,0,206.95,5.0,1.81
591,6,224,2025-09-12,2,450.75,15.0,16.07
592,51,220,2025-08-14,100,263.29,0.0,38.18
593,36,217,2025-08-15,1,69.99,0.0,48.01
594,71,4,2025-08-16,6,51.3,15.0,13.81
595,25,36,2025-08-17,1,69.45,5.0,12.33
596,11,178,2025-08-18,2,45.13,0.0,28.18
597,44,257,2025-08-19,5,531.9,5.0,40.58
598,14,17,2025-08-20,2,332.11,5.0,37.33
599,29,199,2025-08-21,0,218.51,,28.0
600,999,48,2025-08-22,4,193.99,0.0,31.57
601,50,62,2025-08-23,5,128.47,15.0,12.1
602,5,69,2025-08-24,3,229.13,0.0,21.63
603,72,147,2025-08-25,6,321.47,0.0,12.77
604,69,162,2025-08-26,1,122.26,0.0,44.22
605,57,227,2025-08-27,1,556.31,20.0,5.63
606,26,230,2025-08-28,2,46.3,0.0,33.99
607,6,178,2025-08-29,2,272.47,15.0,13.01
608,16,56,2025-08-30,4,630.66,5.0,23.78
609,60,78,2025-10-30,0,470.63,,14.97
610,12,270,2025-09-01,1,534.4,15.0,16.16
611,75,206,2025-09-02,4,39.91,10.0,13.02
612,3,281,2025-09-03,1,685.91,20.0,37.64
613,63,228,2025-09-04,3,77.74,10.0,18.29
614,64,239,2025-09-05,4,488.1,15.0,36.32
615,62,288,2025-09-06,6,330.1,0.0,22.8
616,6,82,2025-11-06,2,254.59,0.0,27.36
617,19,250,2025-09-08,2,519.09,10.0,27.16
618,18,193,2025-09-09,3,462.29,5.0,48.79
619,80,106,2025-09-10,-5,107.0,5.0,18.35
620,43,189,2025-09-11,3,397.86,5.0,10.38
621,73,276,2025-09-12,-2,494.94,0.0,45.59
622,3,74,2025-09-13,3,276.36,10.0,8.74
623,72,10,2025-09-14,2,545.02,0.0,41.72
624,38,123,2026-09-15,5,11.8,,7.51
625,68,216,2025-09-16,2,486.56,,32.94
626,76,290,2025-09-17,1,143.11,,7.53
627,44,40,2025-09-18,3,404.99,0.0,46.15
628,80,193,2025-09-19,4,204.93,5.0,28.25
629,63,127,2025-09-20,2,389.53,,16.46
630,42,289,2025-09-21,2,395.75,,7.02
631,64,71,2025-10-22,2,592.38,15.0,18.56
632,54,137,2025-10-23,3,544.19,5.0,35.25
633,78,144,2025-09-24,1,571.81,5.0,19.25
634,77,299,2025-11-24,2,338.84,15.0,12.3
635,71,269,2025-09-26,0,507.67,0.0,28.87
636,76,139,2025-09-27,2,154.45,10.0,20.89
637,37,52,2025-09-28,2,157.63,15.0,8.29
638,4,17,2025-08-30,2,87.9,10.0,7.7
639,2,165,2025-09-30,-5,577.7,5.0,35.37
640,44,13,2025-10-01,2,429.95,5.0,48.73
641,67,190,2025-10-02,3,181.49,,11.65
642,68,264,2025-10-03,2,480.06,10.0,38.66
643,76,221,2025-10-04,5,699.08,15.0,4.38
644,74,104,2025-10-05,0,611.86,10.0,19.08
645,62,198,2025-10-06,4,138.78,10.0,25.33
646,1,300,2025-10-07,2,395.62,10.0,13.44
647,999,169,2025-10-08,6,436.59,5.0,26.48
648,999,149,2025-10-09,2,300.65,5.0,44.13
649,9,249,2025-10-10,2,455.07,5.0,47.22
650,53,256,2025-10-11,1,554.28,0.0,5.03
651,73,42,2025-10-12,1,595.27,0.0,13.59
652,59,202,2025-10-13,2,509.72,0.0,48.96
653,9,244,2025-10-14,1,23.81,20.0,13.52
654,12,157,2025-09-15,5,70.35,0.0,34.64
655,41,286,2025-10-16,3,467.71,0.0,12.67
656,15,282,2025-10-17,2,348.29,0.0,17.82
657,66,238,2025-10-18,3,364.81,10.0,9.56
658,75,19,2025-10-19,2,457.16,0.0,42.82
659,11,53,2025-10-20,2,106.85,5.0,44.13
660,8,85,2025-10-21,1,437.82,0.0,14.85
661,55,273,2025-10-22,7,554.99,15.0,41.18
662,6,213,2025-10-23,2,227.77,,17.91
663,53,104,2026-10-24,4,384.35,,4.95
664,20,192,2025-11-24,6,75.34,5.0,37.9
665,39,177,2025-10-26,3,488.23,10.0,29.82
666,72,147,2025-10-27,1,170.55,5.0,13.72
667,34,81,2025-11-27,2,74.66,0.0,12.65
668,57,193,2025-10-29,1,79.18,5.0,48.78
669,19,37,2025-10-30,0,365.29,0.0,43.13
670,71,154,2025-10-01,1,92.51,15.0,40.49
671,31,130,2025-11-01,4,372.32,0.0,6.4
672,40,59,2025-11-02,4,344.76,5.0,37.76
673,14,224,2025-10-04,6,533.23,5.0,10.73
674,37,249,2025-11-04,1,20.84,5.0,48.87
675,44,240,2025-11-05,5,87.5,15.0,2.6
676,9,293,2025-11-06,7,423.85,10.0,17.61
677,58,287,2026-01-06,2,123.74,10.0,21.43
678,20,204,2026-01-07,2,485.1,5.0,41.21
679,50,99,2025-12-09,1,579.33,0.0,38.31
680,20,176,2025-11-10,3,80.14,5.0,18.75
681,36,262,2025-12-11,4,529.55,,28.28
682,27,271,2026-11-12,3,7.01,,41.78
683,72,143,2025-11-13,2,259.65,10.0,0.91
684,32,189,2026-11-14,2,312.2,0.0,40.11
685,1,272,2026-01-14,2,210.37,0.0,47.34
686,17,20,2025-11-16,4,17.04,5.0,1.6
687,9,300,2025-11-17,6,400.83,20.0,2.28
688,45,46,2025-11-18,1,147.86,10.0,17.23
689,66,95,2025-11-19,5,506.63,20.0,4.39
690,32,64,2025-11-20,0,459.15,10.0,23.96
691,45,131,2025-11-21,4,378.11,0.0,36.44
692,9,9,2026-01-21,4,533.04,0.0,28.34
693,30,203,2025-10-24,5,290.26,0.0,9.82
694,38,298,2025-12-24,1,325.97,5.0,32.74
695,60,174,2025-11-25,5,342.86,0.0,34.24
696,1,73,2025-11-26,2,606.45,10.0,46.62
697,5,84,2025-11-27,2,676.57,10.0,7.34
698,63,59,2025-11-28,6,457.76,0.0,34.62
699,36,21,2025-12-29,1,79.13,0.0,45.57
700,65,157,2026-11-30,3,680.63,0.0,25.08
701,78,61,2025-12-01,5,660.7,10.0,18.09
702,73,64,2026-12-02,3,102.86,5.0,8.54
703,24,168,2026-02-01,0,203.37,0.0,43.34
704,4,203,2025-12-04,4,436.5,20.0,19.71
705,78,129,2026-02-03,2,484.79,5.0,46.24
706,68,245,2025-12-06,1,8.86,5.0,42.39
707,25,106,2025-12-07,6,163.4,10.0,18.83
708,74,122,2025-12-08,5,76.58,15.0,28.7
709,7,182,2025-12-09,100,190.81,10.0,1.36
710,13,103,2025-12-10,200,61.99,5.0,13.16
711,68,261,2025-12-11,2,9.39,0.0,35.51
712,43,113,2025-12-12,2,462.05,15.0,33.9
713,57,70,2025-12-13,2,315.09,5.0,17.67
714,36,160,2025-12-14,2,250.4,10.0,40.43
715,14,240,2025-12-15,0,31.53,20.0,11.79
716,72,11,2025-12-16,8,563.46,,23.06
717,27,138,2025-12-17,-2,212.41,0.0,23.63
718,37,167,2025-12-18,2,190.85,0.0,17.04
719,71,247,2025-12-19,3,65.85,0.0,47.73
720,76,31,2025-12-20,4,85.39,15.0,34.83
721,25,12,2025-12-21,3,141.65,0.0,26.96
722,67,243,2026-01-21,5,351.47,0.0,25.53
723,4,108,2025-12-23,6,27.26,0.0,7.96
724,79,194,2025-12-24,9,403.04,0.0,18.61
725,74,133,2025-11-25,4,346.1,0.0,33.64
726,16,281,2026-02-24,5,51.41,0.0,46.23
727,19,291,2026-12-27,3,288.26,10.0,40.82
728,29,163,2026-02-26,2,602.92,0.0,15.02
729,51,278,2025-12-29,1,95.71,0.0,21.7
730,999,203,2025-12-30,3,100.56,15.0,4.15
731,58,96,2025-12-31,2,55.8,15.0,5.11
732,44,223,2026-01-01,3,24.23,0.0,23.51
733,16,237,2026-01-02,3,576.19,0.0,26.51
734,65,117,2026-01-03,4,99.58,10.0,13.2
735,2,192,2026-01-04,-5,492.82,0.0,32.14
736,56,276,2026-02-04,4,288.54,0.0,35.17
737,79,106,2026-02-05,2,447.36,0.0,14.96
738,28,4,2026-01-07,3,377.05,0.0,37.92
739,65,18,2026-03-09,2,616.62,5.0,10.28
740,5,20,2026-01-09,2,414.85,20.0,27.21
741,22,122,2026-03-11,4,19.43,15.0,40.21
742,13,137,2026-01-11,4,310.13,5.0,26.85
743,65,80,2025-12-13,-5,89.04,5.0,45.4
744,16,154,2026-01-13,0,573.91,10.0,2.93
745,64,25,2026-01-14,2,539.14,5.0,29.42
746,32,169,2026-01-15,1,463.48,0.0,28.09
747,80,59,2026-01-16,5,464.68,10.0,33.02
748,51,41,2026-01-17,2,696.47,20.0,41.67
749,79,38,2026-01-18,0,219.28,0.0,36.29
750,58,117,2026-01-19,1,101.22,15.0,39.51
751,46,275,2026-01-20,4,67.11,5.0,14.44
752,999,270,2026-01-21,6,229.02,5.0,19.37
753,63,127,2027-01-22,1,423.16,0.0,31.34
754,76,3,2026-01-23,2,466.88,10.0,27.67
755,60,293,2026-01-24,4,411.42,15.0,48.06
756,65,16,2026-01-25,5,70.18,10.0,9.34
757,55,265,2026-02-25,2,249.92,0.0,17.56
758,57,239,2026-01-27,3,359.32,0.0,28.64
759,71,263,2025-12-29,4,170.38,5.0,43.4
760,73,134,2026-03-30,4,229.67,5.0,46.47
761,26,213,2026-01-30,2,338.0,5.0,16.8
762,12,15,2026-01-31,6,74.23,,3.36
763,71,129,2026-04-02,3,16.19,10.0,21.08
764,46,122,2026-03-04,1,38.04,5.0,19.72
765,47,241,2026-02-03,4,497.42,0.0,49.32
766,79,115,2026-02-04,1,328.12,0.0,21.55
767,38,197,2026-03-07,4,541.55,10.0,15.29
768,21,222,2026-02-06,2,548.22,15.0,18.27
769,14,214,2027-02-07,-5,258.26,10.0,19.85
770,2,80,2026-02-08,2,311.9,5.0,41.08
771,72,263,2026-02-09,3,718.45,0.0,4.05
772,70,135,2026-04-11,6,203.25,,15.83
773,33,242,2026-02-11,2,435.13,,48.32
774,6,270,2026-02-12,4,486.52,5.0,7.66
775,37,287,2026-02-13,1,552.98,0.0,37.13
776,14,50,2026-02-14,0,46.6,5.0,17.82
777,37,189,2026-02-15,1,464.94,20.0,29.09
778,8,297,2026-02-16,3,349.41,10.0,4.98
779,77,14,2026-02-17,3,182.14,10.0,15.32
780,13,232,2026-03-20,3,147.05,0.0,25.04
781,40,261,2026-02-19,4,213.51,0.0,11.59
782,58,192,2026-02-20,4,333.08,0.0,27.09
783,18,203,2026-02-21,-5,550.76,,10.99
784,57,261,2027-02-22,4,465.56,5.0,32.51
785,38,113,2026-03-25,3,192.3,15.0,45.22
786,32,36,2026-02-24,5,672.87,0.0,4.27
787,66,79,2026-02-25,4,678.18,,10.83
788,77,275,2026-02-26,1,51.74,15.0,42.22
789,25,278,2026-03-29,1,361.68,0.0,31.58
790,58,162,2026-04-29,1,201.13,20.0,3.94
791,75,17,2026-03-01,2,229.0,0.0,24.32
792,999,204,2026-05-01,2,612.44,0.0,10.49
793,66,17,2026-04-02,200,259.95,0.0,9.95
794,30,202,2026-03-04,2,541.01,,47.03
795,34,210,2026-03-05,3,41.72,,38.08
796,69,78,2026-03-06,4,326.77,0.0,34.81
797,48,56,2026-03-07,4,702.48,10.0,11.95
798,40,80,2026-05-07,4,565.91,10.0,5.93
799,51,58,2026-03-09,100,545.43,15.0,43.54
800,80,18,2026-03-10,3,121.89,0.0,0.29
801,13,208,2026-03-11,6,247.86,5.0,19.4
802,31,135,2026-03-12,2,463.89,10.0,13.88
803,39,10,2026-03-13,4,300.26,0.0,28.52
804,63,69,2026-03-14,3,190.09,0.0,12.53
805,48,83,2026-03-15,2,8.38,10.0,15.56
806,48,109,2026-03-16,5,27.75,0.0,42.5
807,61,44,2026-03-17,2,33.66,,30.16
808,12,132,2026-03-18,1,318.41,0.0,7.28
809,78,18,2026-03-19,2,123.3,,36.32
810,56,93,2026-03-20,2,499.51,0.0,10.37
811,18,294,2026-03-21,6,56.72,0.0,21.65
812,27,148,2026-03-22,2,41.17,0.0,32.33
813,28,172,2026-03-23,3,178.54,15.0,13.6
814,80,51,2026-03-24,3,200.73,15.0,19.21
815,52,19,2026-04-24,4,189.47,0.0,36.71
816,16,120,2026-03-26,2,208.35,0.0,46.9
817,77,225,2026-03-27,2,445.43,10.0,26.46
818,58,66,2026-05-27,3,672.93,5.0,0.5
819,9,141,2026-03-29,4,437.2,15.0,16.92
820,26,189,2026-03-30,5,499.15,0.0,19.93
821,28,158,2027-03-31,6,512.23,10.0,16.96
822,77,98,2026-05-01,0,499.82,10.0,21.81
823,36,158,2026-04-02,3,475.76,,31.63
824,9,246,2026-04-03,2,33.67,10.0,6.06
825,47,236,2026-04-04,5,457.01,0.0,13.63
826,78,33,2026-04-05,4,58.01,0.0,25.38
827,51,241,2026-04-06,1,36.54,10.0,15.78
828,76,275,2026-04-07,1,630.89,5.0,49.55
829,57,71,2026-04-08,2,445.29,20.0,21.57
830,32,216,2026-04-09,2,455.68,10.0,43.49
831,67,79,2026-06-09,2,257.92,5.0,44.83
832,57,169,2026-04-11,3,75.63,5.0,41.8
833,54,298,2026-04-12,0,180.14,5.0,2.34
834,16,180,2026-04-13,0,102.17,0.0,47.39
835,62,116,2026-04-14,3,20.53,0.0,6.44
836,56,260,2026-04-15,2,67.83,5.0,1.72
837,23,260,2026-04-16,5,664.13,0.0,20.72
838,17,5,2026-04-17,4,527.81,0.0,9.73
839,80,297,2026-04-18,1,215.85,0.0,9.21
840,38,108,2026-04-19,4,82.01,0.0,14.39
841,72,117,2026-04-20,6,575.2,0.0,12.42
842,30,13,2026-04-21,2,450.53,10.0,34.24
843,58,142,2026-04-22,1,460.02,5.0,9.34
844,78,188,2026-03-24,4,452.37,5.0,27.16
845,22,281,2026-04-24,6,272.59,10.0,49.32
846,17,115,2026-04-25,2,671.36,,21.62
847,15,236,2026-04-26,5,330.11,0.0,32.09
848,48,10,2026-04-27,2,33.57,5.0,48.47
849,32,199,2026-03-29,1,271.49,0.0,6.88
850,77,252,2026-04-29,-2,168.29,5.0,20.93
851,40,50,2026-05-30,1,110.87,,42.51
852,57,142,2026-05-01,1,543.02,10.0,46.62
853,58,271,2026-05-02,2,75.57,10.0,30.06
854,16,16,2026-05-03,2,459.62,5.0,7.17
855,28,2,2026-07-03,1,268.24,10.0,45.07
856,1,158,2026-05-05,1,551.32,0.0,8.72
857,41,30,2026-05-06,3,250.08,5.0,17.64
858,48,82,2026-04-07,3,337.35,5.0,18.78
859,31,31,2026-05-08,1,112.23,0.0,22.36
860,36,236,2026-05-09,3,666.38,0.0,39.51
861,33,148,2026-05-10,4,474.46,15.0,40.11
862,33,177,2026-04-11,3,98.39,0.0,35.98
863,23,35,2026-05-12,3,369.55,0.0,1.11
864,60,23,2026-06-12,5,290.49,5.0,28.24
865,79,106,2026-06-13,2,485.56,0.0,37.37
866,30,97,2026-05-15,1,719.42,10.0,22.23
867,45,230,2026-05-16,1,204.94,10.0,47.25
868,80,227,2026-05-17,3,131.29,15.0,41.19
869,39,100,2026-05-18,2,352.53,0.0,31.91
870,45,55,2026-06-18,6,177.61,10.0,3.12
871,78,195,2026-07-19,0,423.12,20.0,32.62
872,12,8,2026-05-21,3,663.25,0.0,45.58
873,32,128,2026-05-22,4,483.26,0.0,18.97
874,56,32,2026-05-23,5,57.24,20.0,41.91
875,24,93,2026-05-24,1,189.78,0.0,15.66
876,13,7,2026-05-25,2,608.85,0.0,28.51
877,20,258,2026-05-26,2,107.9,0.0,32.42
878,79,220,2026-05-27,2,215.89,0.0,33.9
879,56,240,2026-05-28,4,169.54,0.0,44.13
880,53,106,2026-05-29,3,403.47,5.0,11.73
881,68,36,2026-05-30,2,130.1,10.0,13.12
882,54,45,2026-05-31,1,182.52,0.0,35.2
883,34,298,2026-07-31,2,20.23,15.0,8.86
884,28,9,2026-06-02,4,103.32,5.0,23.21
885,50,87,2027-06-03,3,525.78,,1.0
886,2,177,2026-08-03,4,183.3,,7.05
887,26,130,2026-06-05,2,495.63,15.0,33.94
888,51,195,2026-07-06,3,363.54,,37.37
889,47,11,2026-06-07,0,522.84,10.0,5.77
890,26,122,2026-06-08,-2,235.28,20.0,11.39
891,75,235,2026-06-09,3,7.37,0.0,4.95
892,74,31,2026-06-10,3,539.76,0.0,21.67
893,61,224,2026-06-11,1,570.23,15.0,6.31
894,23,153,2026-06-12,3,358.97,5.0,21.86
895,37,212,2026-06-13,1,286.51,15.0,36.6
896,41,92,2026-06-14,4,231.53,20.0,34.17
897,52,129,2026-06-15,0,285.2,0.0,14.02
898,49,197,2026-07-16,4,568.43,15.0,33.69
899,27,42,2026-06-17,3,688.7,0.0,46.39
900,6,228,2026-06-18,-5,350.51,0.0,17.38
901,74,194,2026-08-18,2,79.94,5.0,16.46
902,66,18,2026-06-20,4,438.27,0.0,28.57
903,24,243,2026-06-21,3,458.81,5.0,12.28
904,38,276,2026-06-22,3,496.37,5.0,32.58
905,28,127,2026-06-23,3,169.85,0.0,41.61
906,28,75,2026-05-25,7,282.6,15.0,22.97
907,66,62,2026-06-25,6,294.9,10.0,33.98
908,61,288,2027-06-26,2,696.81,0.0,32.59
909,46,186,2026-06-27,100,414.18,0.0,1.93
910,69,178,2026-06-28,3,370.86,20.0,9.17
911,75,166,2026-06-29,4,228.12,15.0,44.68
912,74,183,2026-06-30,1,279.52,0.0,46.94
913,43,28,2026-07-01,1,362.27,0.0,39.02
914,59,247,2026-08-31,6,230.15,15.0,46.06
915,2,22,2026-09-01,8,374.32,10.0,15.31
916,15,96,2026-07-04,1,460.62,0.0,12.39
917,37,122,2026-06-05,200,624.64,5.0,19.22
918,71,250,2026-09-04,4,77.2,5.0,2.77
919,20,137,2026-07-07,4,353.16,15.0,40.49
920,35,277,2026-07-08,4,296.9,0.0,49.21
921,34,61,2026-07-09,2,365.14,5.0,41.2
922,31,250,2026-07-10,5,13.22,0.0,27.75
923,19,95,2026-07-11,5,691.59,,14.76
924,68,296,2026-07-12,2,13.41,15.0,9.88
925,24,184,2026-08-12,2,364.82,10.0,18.2
926,39,260,2026-07-14,6,43.36,10.0,33.35
927,54,287,2026-07-15,7,341.0,5.0,22.35
928,39,155,2027-07-16,2,25.65,,46.7
929,17,186,2026-09-15,3,337.54,0.0,42.71
930,19,69,2026-07-18,2,98.82,15.0,5.12
931,48,261,2026-09-17,6,678.82,0.0,6.58
932,35,115,2026-07-20,1,358.57,0.0,33.81
933,32,8,2026-07-21,4,275.42,5.0,11.54
934,47,265,2026-07-22,1,287.13,15.0,39.55
935,47,271,2026-07-23,1,212.34,15.0,29.57
936,64,249,2026-07-24,3,293.27,5.0,11.49
937,46,105,2026-07-25,4,437.92,5.0,23.93
938,35,263,2026-07-26,5,165.48,,20.3
939,17,224,2026-07-27,2,107.58,0.0,43.66
940,42,271,2026-07-28,4,578.92,15.0,1.61
941,29,165,2026-08-28,3,288.22,10.0,44.79
942,70,83,2026-07-30,3,446.21,0.0,32.6
943,999,295,2026-07-31,1,455.93,0.0,36.88
944,14,134,2026-08-01,4,655.44,5.0,0.13
945,24,211,2026-08-02,1,401.6,0.0,31.41
946,57,92,2026-08-03,4,417.64,0.0,29.42
947,50,127,2026-09-03,1,515.98,0.0,26.86
948,57,191,2026-08-05,1,536.1,0.0,39.29
949,61,159,2026-08-06,2,40.74,10.0,27.79
950,39,10,2026-08-07,0,194.15,15.0,42.85
951,55,107,2026-08-08,1,566.69,0.0,11.63
952,36,87,2026-08-09,2,489.34,5.0,40.3
953,37,67,2026-08-10,2,675.73,0.0,8.97
954,14,62,2026-08-11,0,428.44,5.0,40.66
955,27,146,2026-08-12,3,151.01,15.0,47.02
956,31,153,2026-08-13,3,249.91,5.0,16.78
957,73,107,2026-08-14,3,527.08,15.0,26.49
958,44,148,2026-10-14,1,592.78,5.0,32.92
959,68,186,2026-09-15,1,310.76,10.0,3.97
960,48,178,2026-09-16,6,82.31,5.0,24.7
961,57,266,2026-08-18,0,171.52,15.0,18.03
962,75,149,2026-08-19,2,172.63,,43.62
963,22,247,2026-08-20,4,409.74,10.0,43.83
964,4,254,2026-08-21,5,436.23,15.0,35.04
965,72,29,2026-08-22,3,357.79,0.0,32.79
966,46,266,2026-08-23,2,497.27,,36.68
967,59,13,2026-08-24,2,144.59,0.0,18.3
968,999,47,2026-07-26,4,518.82,0.0,20.23
969,11,151,2026-08-26,200,138.71,0.0,27.69
970,31,50,2026-08-27,1,470.21,,46.9
971,11,215,2026-08-28,5,423.4,20.0,36.2
972,56,132,2026-09-28,1,485.29,,27.55
973,38,113,2026-08-30,4,171.32,15.0,38.52
974,21,252,2026-08-31,2,44.1,5.0,18.54
975,10,53,2026-09-01,5,176.52,,36.52
976,26,130,2026-09-02,2,653.5,,20.53
977,8,193,2026-09-03,6,276.22,5.0,13.98
978,8,79,2026-11-03,2,373.05,0.0,30.49
979,60,57,2026-09-05,1,197.86,10.0,34.34
980,72,97,2026-09-06,3,201.28,,22.96
981,34,198,2026-09-07,4,254.85,20.0,28.28
982,16,135,2026-09-08,3,190.15,20.0,34.7
983,13,147,2026-09-09,5,282.75,,38.39
984,76,172,2026-09-10,4,14.88,20.0,44.78
985,22,63,2026-09-11,3,110.58,15.0,17.73
986,27,65,2026-09-12,1,258.62,10.0,47.57
987,64,295,2026-09-13,3,347.3,0.0,31.86
988,2,211,2026-09-14,1,223.03,10.0,39.39
989,26,109,2026-09-15,1,21.4,5.0,34.99
990,69,282,2026-11-15,4,284.25,20.0,10.28
991,30,172,2026-09-17,3,497.22,5.0,3.57
992,8,12,2026-09-18,200,200.24,0.0,36.31
993,38,220,2026-11-18,2,389.96,0.0,25.55
994,61,286,2026-09-20,6,171.7,10.0,35.11
995,65,172,2026-11-20,3,306.06,5.0,23.84
996,67,236,2026-09-22,1,449.58,0.0,15.61
997,46,166,2026-08-24,4,53.62,0.0,14.25
998,72,187,2026-09-24,0,379.98,5.0,36.53
999,43,170,2026-09-25,5,67.09,0.0,13.84
1000,59,52,2026-09-26,5,205.99,0.0,35.73
1001,46,189,2027-09-27,1,165.11,0.0,19.2
1002,72,120,2026-11-27,1,229.38,5.0,38.54
1003,35,105,2026-09-29,2,203.78,5.0,7.14
1004,39,162,2026-09-30,4,264.96,0.0,10.25
1005,51,295,2027-10-01,3,387.14,20.0,34.3
1006,4,41,2026-10-02,4,330.41,0.0,28.01
1007,80,165,2026-11-02,4,363.46,0.0,10.19
1008,77,160,2026-12-03,3,534.47,0.0,45.14
1009,51,264,2026-10-05,1,192.1,0.0,13.8
1010,5,18,2026-10-06,3,565.54,0.0,21.05
1011,55,173,2026-10-07,2,218.78,0.0,10.11
1012,20,33,2026-10-08,3,311.27,10.0,19.4
1013,24,261,2026-12-08,4,52.83,10.0,24.58
1014,36,210,2026-10-10,4,126.28,5.0,14.76
1015,34,164,2026-12-10,4,675.3,15.0,38.45
1016,54,5,2026-10-12,0,46.31,0.0,19.7
1017,34,34,2026-09-13,0,290.39,,36.48
1018,17,280,2026-10-14,7,587.78,0.0,10.35
1019,5,145,2026-10-15,3,630.6,10.0,18.85
1020,18,71,2026-10-16,4,349.35,0.0,0.4
1021,55,230,2026-11-16,4,274.78,20.0,37.93
1022,53,125,2026-10-18,3,591.73,5.0,31.29
1023,50,278,2026-12-18,5,573.8,0.0,40.89
1024,72,271,2026-10-20,1,492.41,10.0,22.78
1025,79,15,2026-10-21,4,314.95,0.0,39.99
1026,45,242,2026-10-22,1,444.4,15.0,32.38
1027,13,153,2026-10-23,4,66.09,10.0,0.18
1028,16,53,2026-10-24,4,607.51,0.0,12.68
1029,13,149,2026-09-25,1,115.01,0.0,24.69
1030,20,219,2026-09-26,2,534.74,0.0,30.93
1031,66,113,2027-10-27,3,603.49,10.0,3.28
1032,47,288,2026-11-27,2,688.11,0.0,35.25
1033,19,277,2026-10-29,4,342.28,5.0,27.18
1034,45,83,2026-10-30,2,9.67,,26.29
1035,37,218,2026-10-31,8,273.71,0.0,14.6
1036,54,226,2026-12-31,4,121.33,,29.74
1037,6,270,2026-11-02,4,131.65,10.0,1.37
1038,14,15,2026-11-03,1,204.41,0.0,3.24
1039,4,290,2026-11-04,3,284.57,5.0,36.69
1040,55,265,2026-11-05,3,617.96,10.0,16.09
1041,34,199,2027-01-05,3,192.99,5.0,17.35
1042,27,158,2026-12-07,7,191.24,0.0,10.42
1043,7,207,2026-11-08,3,242.78,0.0,22.28
1044,3,174,2026-10-10,-2,600.27,15.0,2.6
1045,47,184,2026-11-10,1,69.82,10.0,15.02
1046,2,265,2026-11-11,3,255.59,5.0,26.36
1047,80,246,2026-11-12,3,26.71,0.0,23.28
1048,25,36,2026-11-13,0,21.0,15.0,49.98
1049,60,259,2026-11-14,3,113.72,,19.44
1050,79,19,2026-10-16,5,423.66,0.0,19.35
1051,24,23,2026-11-16,4,86.24,0.0,25.18
1052,15,104,2027-01-16,4,572.25,20.0,9.52
1053,14,241,2026-11-18,5,352.18,15.0,43.82
1054,54,204,2026-11-19,2,10.61,10.0,28.61
1055,78,253,2026-11-20,3,527.51,,9.61
1056,6,142,2026-11-21,3,74.33,10.0,39.67
1057,78,143,2026-11-22,4,417.07,0.0,1.72
1058,18,271,2027-11-23,1,124.01,10.0,49.13
1059,20,110,2026-11-24,2,449.49,10.0,43.26
1060,62,8,2026-11-25,3,429.9,,28.98
1061,80,69,2026-11-26,2,563.27,0.0,5.56
1062,40,190,2026-11-27,3,75.63,5.0,10.76
1063,39,179,2026-11-28,5,489.84,15.0,13.97
1064,52,63,2026-11-29,1,159.44,0.0,12.05
1065,32,68,2026-11-30,1,652.92,0.0,24.88
1066,73,206,2026-12-01,1,179.64,20.0,47.23
1067,27,6,2026-12-02,1,125.32,5.0,22.21
1068,52,119,2026-12-03,1,562.43,10.0,33.08
1069,63,31,2026-12-04,1,24.07,20.0,34.43
1070,74,6,2026-12-05,3,137.3,0.0,43.58
1071,63,207,2027-12-06,2,463.14,,1.69
1072,17,157,2026-12-07,5,437.12,10.0,20.22
1073,49,67,2026-12-08,5,672.99,5.0,39.24
1074,23,289,2026-12-09,2,528.73,5.0,40.74
1075,72,140,2026-11-10,2,123.79,,46.37
1076,13,300,2026-12-11,4,379.87,0.0,35.14
1077,23,13,2026-12-12,0,384.59,0.0,12.26
1078,57,152,2027-02-11,0,159.14,0.0,25.28
1079,62,109,2026-12-14,3,473.26,0.0,1.62
1080,54,149,2026-12-15,3,431.22,5.0,32.35
1081,20,204,2026-12-16,3,189.37,,27.71
1082,52,21,2026-12-17,1,497.45,20.0,33.34
1083,23,60,2026-11-18,3,384.68,0.0,46.51
1084,35,21,2027-01-18,1,505.53,5.0,34.36
1085,67,245,2026-12-20,2,451.12,10.0,16.02
1086,34,73,2026-12-21,2,314.86,0.0,9.94
1087,33,76,2026-12-22,1,451.98,15.0,42.73
1088,46,186,2026-12-23,6,357.93,20.0,9.72
1089,45,78,2027-01-23,-5,674.34,20.0,8.08
1090,19,65,2026-12-25,7,251.9,0.0,10.33
1091,15,290,2026-12-26,8,31.74,5.0,25.44
1092,78,56,2027-01-26,2,177.69,0.0,6.21
1093,66,259,2026-12-28,2,564.96,0.0,46.91
1094,39,190,2026-12-29,6,338.44,5.0,48.31
1095,18,6,2026-12-30,3,97.51,,48.69
1096,70,6,2026-12-01,1,561.24,20.0,1.96
1097,59,191,2027-01-01,3,316.19,,47.31
1098,32,148,2027-01-02,0,519.92,20.0,49.87
1099,21,258,2027-01-03,6,520.36,0.0,47.12
1100,40,218,2027-01-04,2,366.72,10.0,33.55
1101,27,90,2027-02-04,1,487.09,0.0,35.06
1102,2,10,2027-02-05,3,79.94,0.0,6.11
1103,80,87,2027-01-07,3,79.88,5.0,43.71
1104,39,250,2027-01-08,5,364.73,10.0,2.98
1105,56,151,2027-01-09,1,215.29,10.0,15.89
1106,13,113,2027-01-10,2,30.97,0.0,49.56
1107,56,30,2027-01-11,3,166.7,0.0,21.12
1108,66,128,2027-03-13,6,20.62,0.0,6.56
1109,78,78,2027-01-13,2,264.74,0.0,48.46
1110,56,55,2027-01-14,3,477.42,0.0,49.21
1111,28,34,2027-01-15,4,568.87,10.0,9.35
1112,64,105,2027-03-17,5,276.49,15.0,43.24
1113,71,172,2027-02-16,1,288.73,5.0,19.52
1114,64,22,2027-03-19,4,323.43,10.0,19.07
1115,56,287,2027-01-19,4,327.8,0.0,13.13
1116,41,105,2027-01-20,1,567.69,,2.24
1117,41,149,2027-03-22,6,86.5,0.0,13.4
1118,4,272,2027-01-22,5,606.82,15.0,2.69
1119,57,276,2027-01-23,5,268.9,,46.22
1120,30,299,2027-02-23,6,434.93,20.0,33.09
1121,46,172,2027-03-26,3,432.4,0.0,44.33
1122,56,47,2027-01-26,1,568.26,10.0,35.86
1123,31,114,2027-01-27,1,433.13,0.0,6.56
1124,7,275,2027-01-28,6,500.18,0.0,47.03
1125,77,207,2027-01-29,2,579.99,0.0,44.99
1126,54,242,2027-01-30,4,518.24,,17.4
1127,8,196,2027-04-01,3,296.76,,5.58
1128,55,164,2027-04-02,7,475.89,0.0,35.21
1129,69,176,2027-04-03,2,472.18,5.0,36.42
1130,44,271,2027-02-03,0,40.27,,44.84
1131,13,110,2027-03-06,0,495.32,5.0,2.63
1132,20,172,2027-03-07,1,557.35,0.0,7.09
1133,78,202,2027-02-06,2,311.23,5.0,29.91
1134,32,168,2027-03-09,7,453.22,15.0,30.96
1135,60,102,2027-04-09,5,449.1,5.0,1.68
1136,50,86,2027-02-09,3,214.48,15.0,19.85
1137,27,142,2027-02-10,7,74.44,5.0,29.21
1138,25,213,2027-02-11,2,502.27,0.0,36.9
1139,52,51,2027-02-12,3,334.3,0.0,15.81
1140,68,112,2027-02-13,1,533.71,0.0,24.2
1141,21,271,2027-03-16,3,506.52,5.0,40.7
1142,18,65,2027-02-15,3,95.74,0.0,47.69
1143,39,183,2027-02-16,4,121.86,15.0,11.52
1144,15,10,2027-02-17,3,661.11,5.0,12.65
1145,53,234,2027-02-18,4,284.4,15.0,46.99
1146,38,298,2027-02-19,2,188.58,,19.8
1147,48,244,2027-02-20,4,481.06,15.0,35.92
1148,52,267,2027-02-21,6,34.69,,30.61
1149,72,118,2027-02-22,3,357.38,5.0,14.28
1150,28,144,2027-02-23,4,427.4,0.0,32.68
1151,16,201,2027-02-24,1,162.47,,32.78
1152,16,239,2027-04-26,6,314.98,20.0,29.62
1153,35,246,2027-02-26,4,700.4,20.0,4.98
1154,17,8,2027-03-29,100,481.56,10.0,49.76
1155,73,152,2027-02-28,0,510.84,10.0,20.02
1156,52,211,2027-03-01,100,169.18,0.0,31.91
1157,12,158,2027-04-01,-5,475.1,10.0,44.29
1158,48,58,2027-03-03,3,173.35,0.0,21.16
1159,22,86,2027-03-04,4,514.69,0.0,38.7
1160,49,55,2027-03-05,4,494.7,5.0,48.59
1161,52,201,2027-03-06,6,616.97,5.0,17.95
1162,79,122,2027-03-07,-2,333.76,0.0,20.26
1163,1,108,2027-03-08,2,120.82,15.0,45.28
1164,66,132,2027-03-09,5,277.38,20.0,7.98
1165,64,198,2027-03-10,5,51.86,10.0,1.43
1166,8,47,2027-03-11,4,461.83,5.0,45.44
1167,25,228,2027-04-11,2,455.31,,41.08
1168,66,245,2027-02-11,1,394.45,0.0,48.63
1169,73,203,2027-03-14,5,390.51,10.0,2.91
1170,73,261,2027-05-14,6,194.4,0.0,7.81
1171,77,178,2027-03-16,1,320.9,0.0,5.27
1172,70,24,2027-03-17,6,575.99,5.0,34.17
1173,79,175,2027-03-18,3,147.25,10.0,30.3
1174,51,274,2027-04-18,4,186.73,0.0,17.97
1175,53,261,2027-03-20,3,204.64,0.0,2.87
1176,15,286,2027-03-21,3,174.24,5.0,31.98
1177,50,1,2027-03-22,4,28.16,5.0,28.51
1178,71,86,2027-05-22,1,419.33,10.0,5.65
1179,75,69,2027-04-23,5,367.83,0.0,45.45
1180,38,31,2027-04-24,2,516.02,5.0,9.95
1181,40,198,2027-03-26,4,33.72,0.0,37.18
1182,66,91,2027-03-27,5,102.96,0.0,44.25
1183,39,16,2027-03-28,3,433.42,5.0,28.97
1184,74,276,2027-03-29,3,590.53,10.0,12.34
1185,17,162,2027-03-30,4,237.29,0.0,15.46
1186,7,192,2027-03-31,2,536.7,0.0,44.29
1187,39,151,2027-03-02,4,401.75,5.0,14.91
1188,68,113,2027-05-02,0,287.43,0.0,37.31
1189,35,273,2027-05-03,0,545.88,0.0,49.51
1190,51,176,2027-03-05,4,105.16,5.0,49.99
1191,47,149,2027-04-05,2,303.98,0.0,26.67
1192,36,178,2027-04-06,2,97.73,0.0,41.33
1193,64,223,2027-03-08,1,326.22,20.0,49.51
1194,13,259,2027-04-08,2,117.57,10.0,18.73
1195,18,273,2027-05-09,5,579.78,10.0,12.62
1196,21,189,2027-04-10,2,164.69,5.0,5.71
1197,65,90,2027-04-11,3,439.62,10.0,7.04
1198,8,262,2027-04-12,0,425.05,,42.68
1199,48,156,2028-04-12,2,208.07,10.0,29.44
1200,43,200,2027-05-14,3,90.09,0.0,43.69
